id_registro,texto_original,dimension_psicologica,nivel_riesgo_estimado
1,Últimamente me he sentido muy triste y abrumada. El trabajo se ha convertido en una enorme fuente de estrés para mí.,Estrés (DASS-21),Moderado
2,"Hola, tengo mucho miedo por algo y necesito un consejo. Se trata de amistad.",Ansiedad (DASS-21),Moderado
3,"Oye, espero que estés bien. Quería hablar sobre algo que ha estado en mi mente últimamente. Me he sentido realmente sorprendida por mi estado emocional y está empezando a afectar mi salud en general.",General / Apoyo Emocional,Bajo
4,"Me siento realmente abrumado y no sé qué hacer al respecto. Es sólo que todo parece tan pesado y desesperado en este momento, ¿sabes? Y no sé exactamente por qué me siento así. Quizás tenga algo que ver con mi relación con mi mamá.",Estrés (DASS-21),Moderado
5,Me siento realmente molesto y confundido acerca de mi identidad.,General / Apoyo Emocional,Bajo
6,Me siento tan entumecido y eso está causando muchos conflictos dentro de mí.,General / Apoyo Emocional,Bajo
7,Me siento muy molesto hoy. Es muy difícil confiar en mí mismo.,General / Apoyo Emocional,Bajo
8,Sólo quiero encontrar algo de paz en mi vida. Mi novio dice que ha notado que últimamente me he comportado de manera diferente y supongo que tiene razón. No puedo negarlo más: tengo un problema de adicción.,General / Apoyo Emocional,Bajo
9,"Me siento muy distraído últimamente. Mi mente parece estar constantemente ocupada, saltando de un pensamiento a otro. Parece que no puedo concentrarme en nada por mucho tiempo. Se está volviendo bastante frustrante y no sé cómo liberarme de este ciclo.",General / Apoyo Emocional,Bajo
10,Me siento muy avergonzada y abrumada. Es como este ciclo interminable de adicción del que no puedo liberarme. Estoy atrapado en este aislamiento del que parece que no puedo escapar.,General / Apoyo Emocional,Bajo
11,"Hola, estoy sufriendo mucho en este momento y no sé a quién más acudir. Verás, tengo un amigo que sufre adicción a los roles y eso me está destrozando. He tratado de estar ahí para ellos, pero siento que todos mis esfuerzos son en vano. Quiero ayudarlos, pero no sé cómo. Supongo que la lucha de mi amigo contra la adicción también está desencadenando algo dentro de mí, que me recuerda los desafíos que enfrenté como padre.",General / Apoyo Emocional,Bajo
12,Me siento tan exhausto y perdido. Ya no sé qué hacer.,General / Apoyo Emocional,Bajo
13,Me siento realmente frustrado y arrepentido por mis relaciones personales.,General / Apoyo Emocional,Bajo
14,"Hola amigo. Últimamente me he sentido un poco deprimido y creo que tiene mucho que ver con mi autoestima. Es como un peso constante sobre mis hombros, ¿sabes?",General / Apoyo Emocional,Bajo
15,"Necesito un consejo. Tengo una relación amorosa con mi novia, pero últimamente hemos tenido algunas dificultades. Quiero encontrar una solución y mejorar las cosas entre nosotros. ¿Me puedes ayudar?",General / Apoyo Emocional,Bajo
16,"Últimamente me he sentido muy distraído, especialmente cuando se trata de la escuela. Es como si mi mente estuviera siempre en otra parte y parece que no puedo concentrarme en mis estudios.",Estrés (DASS-21),Moderado
17,Me siento muy avergonzado de mí mismo y todo se debe a mi familia. Siempre me han hecho sentir que no soy lo suficientemente bueno.,General / Apoyo Emocional,Bajo
18,"Hola, últimamente he estado luchando con sentimientos de amor y pérdida en mis relaciones personales. Ha sido bastante abrumador y no estoy seguro de cómo afrontarlo.",Estrés (DASS-21),Moderado
19,"Me siento abrumado por el miedo y una sensación constante de fracaso en mis relaciones personales. Parece que no importa cuánto lo intente, simplemente no puedo hacerlos funcionar. Temo que nunca podré tener conexiones sanas y satisfactorias con los demás.",Estrés (DASS-21),Moderado
20,Estoy muy enojado todo el tiempo y siento que todos los que me rodean me están intimidando. Es como si el peso del mundo estuviera sobre mis hombros y no pudiera encontrar ningún alivio.,General / Apoyo Emocional,Bajo
21,"Últimamente me siento muy decepcionado conmigo mismo. Es como si no importara lo que hiciera, parece que no puedo equilibrar mi trabajo y mis responsabilidades como padre. Siento esta presión y estrés constantes por no hacer lo suficiente, y se vuelve abrumador.",Estrés (DASS-21),Crítico
22,"Hola terapeuta! Espero que estés bien hoy. Últimamente me siento muy feliz, especialmente en mis relaciones personales. Creo que es porque he estado trabajando activamente para mejorar mis habilidades de comunicación.",General / Apoyo Emocional,Bajo
23,"Estoy realmente agradecido por esta oportunidad de hablar, terapeuta. Últimamente me he sentido abrumada por las emociones que siguieron a mi divorcio. Ha sido un viaje difícil y estoy luchando por encontrar mi camino a través del dolor.",General / Apoyo Emocional,Bajo
24,Últimamente me he sentido muy ansioso y creo que está empezando a afectar mi relación.,General / Apoyo Emocional,Bajo
25,Tengo mucho miedo en este momento y todo se debe a mi relación con mi madre.,Ansiedad (DASS-21),Moderado
26,Me siento aliviado de estar finalmente aquí. Ha sido muy difícil llevar esta carga de miedo por mi cuenta.,Estrés (DASS-21),Moderado
27,Me he sentido muy estresada últimamente. Es como un gran peso sobre mis hombros del que no puedo quitarme de encima. Creo que se remonta a mi infancia.,Estrés (DASS-21),Moderado
28,"Estoy cansado, pero quiero tener éxito en superar mi adicción.",Burnout Estudiantil (MBI-SS),Moderado
29,Estoy realmente aliviado de haber decidido finalmente buscar terapia. La verdad es que últimamente he estado luchando con la crianza de los hijos y simplemente no sé qué hacer.,General / Apoyo Emocional,Bajo
30,Me siento decepcionado con mi trabajo.,General / Apoyo Emocional,Bajo
31,¡Me siento muy feliz hoy! Mi hermano me visitó después de mucho tiempo y me trajo mucha alegría.,General / Apoyo Emocional,Bajo
32,"Estoy muy agradecida por esta oportunidad de hablar sobre mi infancia. Al crecer, tuve muchos altibajos, pero me he dado cuenta de que mi autoestima se vio profundamente afectada durante esos años. Las constantes comparaciones y críticas de mis padres y compañeros me hicieron sentir inadecuado e indigno. Pero hoy quiero centrarme en encontrar soluciones para desarrollar mi autoestima y crear una imagen más positiva de mí mismo.",General / Apoyo Emocional,Bajo
33,"Oye, espero que estés bien. Me dirijo a usted porque últimamente me he sentido muy ansioso por el estrés relacionado con el trabajo. Ha sido abrumador y siento una sensación de dependencia de mi trabajo de la que parece que no puedo deshacerme. ¿Crees que podrías ayudarme con esto?",Estrés (DASS-21),Crítico
34,Me he sentido muy enojado últimamente y creo que realmente está pasando factura a mi autoestima. El trabajo se ha convertido en una fuente abrumadora de estrés para mí y siento que me ahogo constantemente en la presión de tener éxito.,Estrés (DASS-21),Crítico
35,Debo decir que me siento aliviado de tener finalmente a alguien con quien hablar sobre mis sueños.,General / Apoyo Emocional,Bajo
36,Últimamente me he sentido muy avergonzado y eso está afectando mucho mi autoestima.,General / Apoyo Emocional,Bajo
37,Me siento tan perdida sin mi novio. Es como si faltara una gran parte de mí.,General / Apoyo Emocional,Bajo
38,"Últimamente me he sentido muy a la defensiva, sobre todo en lo que respecta a mi trabajo. Está afectando mi relación con mis compañeros y no sé cómo manejarlo.",General / Apoyo Emocional,Bajo
39,Me siento tan confundido. Ella siempre está en mi mente y es abrumador. Parece que no puedo deshacerme de este sentimiento de inquietud.,Estrés (DASS-21),Moderado
40,Me siento muy triste y abrumada. Es como si me estuviera ahogando en pánico.,Ansiedad (DASS-21),Moderado
41,"Me siento muy ansioso hoy. Sé que ha pasado un tiempo desde mi pérdida, pero a veces todavía siento que fue ayer. Quiero estar seguro de que las cosas mejorarán, pero ahora mismo siento que todos mis sueños se han hecho añicos.",General / Apoyo Emocional,Bajo
42,"Hola, espero que estés bien. Últimamente me he sentido bastante preocupado por el estrés relacionado con el trabajo. Me ha estado pasando factura y espero encontrar orientación y apoyo aquí. La confianza es crucial para mí a la hora de establecer un espacio seguro para abrirme.",Estrés (DASS-21),Moderado
43,Me siento realmente disgustado conmigo mismo y con mi relación en este momento. Es como si todo se estuviera desmoronando y simplemente no sé qué hacer.,General / Apoyo Emocional,Bajo
44,"Tengo miedo, terapeuta. Miedo de que mis sueños nunca se hagan realidad por culpa de esta adicción que me frena.",Ansiedad (DASS-21),Moderado
45,"Últimamente me siento muy molesto, es como si no tuviera control sobre mis propias emociones.",General / Apoyo Emocional,Bajo
46,"Ni siquiera sé por dónde empezar... Estoy tan decepcionada de mí misma. Me prometí a mí misma que no dejaría que la adicción controlara mi vida, pero aquí estoy, atrapada en sus garras.",General / Apoyo Emocional,Bajo
47,"¡Hola! Espero que estés bien hoy. Debo admitir que me siento un poco nervioso por nuestra sesión, pero también estoy emocionado porque en el fondo sé que el éxito es posible cuando se trata de superar mi dolor.",Ansiedad (DASS-21),Moderado
48,"Oye, últimamente me siento muy inseguro. Ha sido abrumador y no puedo deshacerme de este miedo constante.",Estrés (DASS-21),Moderado
49,"Últimamente me he sentido muy inseguro, especialmente en lo que respecta a la comunicación con los demás. Es como si tuviera dificultades para expresarme y abrirme a lo que realmente siento.",General / Apoyo Emocional,Bajo
50,Me siento aliviado y en pánico al mismo tiempo. Es una mezcla tan extraña de emociones.,Ansiedad (DASS-21),Moderado
51,"Hola terapeuta. Espero que no te importe que te contacte hoy. Siento que estoy perdiendo el rumbo y no sé a quién recurrir. Solía ​​pensar que el éxito me traería felicidad, pero ahora no estoy tan seguro. ¿Puedes ser un amigo y ayudarme a entender por qué?",General / Apoyo Emocional,Bajo
52,Debo decir que estoy bastante sorprendido al darme cuenta de que mi autoestima me ha impedido seguir mis sueños. Es como una barrera invisible que me ha mantenido estancada durante demasiado tiempo.,General / Apoyo Emocional,Bajo
53,"Hola, espero que te encuentres bien hoy. Quiero hablar con alguien sobre algo que realmente me pesa. Me siento avergonzado por esto, pero también siento la responsabilidad de abordarlo. Se trata de mi lucha contra la depresión.",Estrés (DASS-21),Moderado
54,"Hola terapeuta, espero que te encuentres bien! Quería hablar hoy sobre algo que ha estado en mi mente desde hace un tiempo. Últimamente me he sentido muy distraído y eso ha afectado mi carrera. Solía ​​​​estar muy concentrado y motivado, pero hoy en día siento que no puedo mantener mi mente encaminada. Me preocupa que esto afecte mi éxito a largo plazo.",General / Apoyo Emocional,Bajo
55,¡Hola! Últimamente me he sentido un poco ansioso y pensé que sería útil buscar terapia. Realmente necesito orientación y apoyo para ayudarme en este momento difícil. Creo que el amor y la confianza son claves en este proceso y espero poder encontrarlos aquí.,General / Apoyo Emocional,Bajo
56,"Me siento en paz hoy, pero últimamente he tenido problemas con la comunicación.",General / Apoyo Emocional,Bajo
57,Me he sentido muy deprimido últimamente. Creo que podría estar deprimido. También he experimentado muchas pérdidas en mi vida.,General / Apoyo Emocional,Bajo
58,"Me siento muy tenso hoy. Es difícil expresar mis sentimientos con palabras, pero supongo que es por eso que estoy aquí. Perdí a mi mamá recientemente y ha sido muy difícil para mí. Ella era mi roca, ¿sabes? A pesar de que han pasado algunos meses, el dolor todavía se siente muy intenso. Intento tener esperanzas, pero es difícil ver luz al final del túnel. Es como si estuviera atrapado en esta oscuridad interminable y no pudiera encontrar la salida.",General / Apoyo Emocional,Bajo
59,Hola. Últimamente me he sentido muy abrumado por el estrés relacionado con el trabajo. Ha estado impactando mi confianza y mis relaciones con los demás. Simplemente ya no sé cómo manejarlo.,Estrés (DASS-21),Crítico
60,Estoy tan cansado. Siento que no puedo tomar un descanso. Y últimamente he estado experimentando una sensación de pérdida.,Burnout Estudiantil (MBI-SS),Moderado
61,"Hola terapeuta. Espero que estés teniendo un buen día. Hoy me siento bastante esperanzado, a pesar de estar pasando por un momento difícil. Verás, recientemente experimenté una ruptura. Fue duro, especialmente porque estaba en una relación amorosa. Pero creo que hay un lado positivo en cada nube y tengo la esperanza de que esta experiencia me lleve a un lugar mejor.",General / Apoyo Emocional,Bajo
62,Últimamente me he sentido triste y abandonado en mis relaciones personales.,General / Apoyo Emocional,Bajo
63,"Solía ​​ser feliz, pero ahora me siento abandonado.",General / Apoyo Emocional,Bajo
64,"Tengo miedo de hablar de esto, pero creo que necesito ayuda. Últimamente he sentido mucha ansiedad y realmente está empezando a afectar mi vida diaria. Parece que no puedo deshacerme de esta preocupación y miedo constantes.",Ansiedad (DASS-21),Crítico
65,Hola amigo. Espero que puedas ayudarme hoy. He estado luchando contra el duelo y tengo algunas expectativas para esta sesión de terapia.,General / Apoyo Emocional,Bajo
66,"Últimamente he sentido mucha ansiedad y me ha resultado muy difícil sobrellevarla. Está afectando mi vida diaria, mis relaciones, todo. Sólo quiero encontrar una manera de sentirme mejor.",Ansiedad (DASS-21),Moderado
67,Me he sentido muy deprimido últimamente. Creo que es por mi adicción.,General / Apoyo Emocional,Bajo
68,Últimamente me he sentido muy deprimido y sé que necesito hacer un cambio en mis relaciones personales. Es que todo parece tan abrumador y no sé por dónde empezar.,Estrés (DASS-21),Moderado
69,"Últimamente me he sentido abrumado, especialmente en lo que respecta al trabajo. La presión y las exigencias constantes han estado afectando mi estado de ánimo pacífico. También he notado que mi autoestima se ha visto afectada por esto.",Estrés (DASS-21),Crítico
70,Me siento esperanzado pero abrumado en lo que respecta a mi carrera.,Estrés (DASS-21),Moderado
71,Últimamente me siento realmente confundida y abrumada. Mis finanzas son un desastre y eso hace que todo lo demás se sienta peor.,General / Apoyo Emocional,Bajo
72,Me siento muy inseguro y no sé qué hacer al respecto. He estado luchando contra la depresión desde hace un tiempo y está pasando factura a mi autoestima.,Estrés (DASS-21),Moderado
73,He estado luchando contra la adicción desde hace un tiempo y realmente está empezando a afectar mi confianza y mi carrera. Parece que no puedo encontrar una salida a este círculo vicioso. Ha sido abrumador y no sé qué hacer.,Estrés (DASS-21),Moderado
74,Me siento muy desanimado con respecto a mi trabajo. Últimamente no me siento seguro de mis capacidades y eso me causa mucha ansiedad.,Ansiedad (DASS-21),Moderado
75,"Hola terapeuta, espero que te encuentres bien hoy. Últimamente me he sentido frustrado y quería hablar con alguien al respecto. Está relacionado con mi trabajo, pero no es algo con lo que me sienta cómodo hablando abiertamente.",General / Apoyo Emocional,Bajo
76,¡Hola! Últimamente me he sentido frustrado y creo que podría tener algo que ver con mi infancia.,General / Apoyo Emocional,Bajo
77,"Me siento realmente preocupado y abrumado por el estrés relacionado con el trabajo. Me ha estado causando mucha ansiedad y siento que estoy al borde de una crisis nerviosa. También estoy experimentando una sensación de pérdida, como si hubiera perdido el control sobre mi propia vida.",Estrés (DASS-21),Crítico
78,"Me siento tan avergonzado, terapeuta. Mis sueños de éxito parecen muy lejanos y el estrés del trabajo me ha pasado factura.",Estrés (DASS-21),Moderado
79,"¡Hola! Últimamente me siento un poco molesto, especialmente cuando pienso en ella.",General / Apoyo Emocional,Bajo
80,"Hola, espero que estés bien hoy. Últimamente me he sentido un poco confundido y tengo algunas autocríticas sobre mi comportamiento que necesito discutir.",General / Apoyo Emocional,Bajo
81,"Tengo la esperanza de que, al buscar terapia, pueda encontrar algún alivio para el estrés relacionado con el trabajo. Últimamente me ha pesado mucho y me vendría bien un poco de orientación para mejorar mis habilidades de comunicación en el lugar de trabajo.",Estrés (DASS-21),Moderado
82,"Hola, terapeuta. Últimamente me siento muy triste. Me ha estado afectando en varias áreas de mi vida, especialmente en la escuela.",General / Apoyo Emocional,Bajo
83,"Me siento muy decepcionado y todo se debe a mi madre. Ella simplemente no entiende por lo que estoy pasando. Mi depresión ha empeorado y pensé que ella estaría allí para ayudarme, pero en lugar de eso, lo descarta como si nada.",Estrés (DASS-21),Moderado
84,"Me siento tan entumecido, como si hubiera perdido todo propósito y significado en mi vida. Solía ​​ser vibrante y llena de energía pero ahora todo se siente aburrido y vacío. No sé cómo sucedió, pero necesito asumir la responsabilidad de mis acciones.",General / Apoyo Emocional,Bajo
85,Yo... ni siquiera sé por dónde empezar. Me siento tan conmocionada y abrumada por este peso constante en mi pecho. Es como si me estuviera asfixiando en mi propia mente. No puedo soportar más este aislamiento.,Ansiedad (DASS-21),Moderado
86,"Me he sentido tan sola últimamente... es una sensación aplastante, como si tuviera un peso en el pecho. Y no puedo deshacerme de esta sensación de pérdida, aunque no puedo determinar exactamente qué he perdido.",General / Apoyo Emocional,Bajo
87,Últimamente me siento muy preocupada y abrumada. El estrés relacionado con el trabajo me ha estado agobiando y parece que no puedo deshacerme de esta sensación de inseguridad.,Estrés (DASS-21),Moderado
88,"Me siento muy feliz hoy, terapeuta, y tengo ganas de hablar de él. Verá, él ha sido una presencia muy importante en mi vida y, últimamente, mi ansiedad ha aumentado cada vez que pienso en él.",Ansiedad (DASS-21),Moderado
89,"Hola terapeuta, me siento muy ansioso en este momento. Te lo prometo, este es sólo uno de esos días en los que todo parece abrumador.",Estrés (DASS-21),Moderado
90,"Hola, últimamente me he sentido preocupado por mi relación. Creo que puede estar sucediendo algo que no puedo identificar.",Ansiedad (DASS-21),Moderado
91,"Últimamente he estado pensando mucho en las relaciones personales y no puedo evitar sentir una mezcla de emociones. Por un lado, anhelo amor y conexión, quiero construir relaciones profundas y significativas con los demás. Pero, por otro lado, no puedo negar el dolor persistente del abandono que he experimentado en el pasado.",General / Apoyo Emocional,Bajo
92,¡Hola! Espero que lo estés haciendo bién. Últimamente me he sentido muy en paz y me ha dado mucho tiempo para reflexionar sobre mi vida. Un área que he notado que necesita atención es mi carrera. Siento que ha estado estancado por un tiempo y quiero descubrir cómo hacer algunos cambios.,General / Apoyo Emocional,Bajo
93,Últimamente me he sentido realmente infeliz. Hay una presión constante que me pesa.,Estrés (DASS-21),Moderado
94,"Parece que no puedo deshacerme de este sentimiento de ira e inseguridad. Es como si me estuvieran agobiando constantemente, asfixiándome por dentro.",General / Apoyo Emocional,Bajo
95,"No puedo evitar sentirme preocupada todo el tiempo. Es como si la ansiedad se hubiera convertido en una compañera constante en mi vida. Me siento abandonado, como si mi propio bienestar estuviera siendo dejado de lado.",Ansiedad (DASS-21),Moderado
96,Me siento muy infeliz últimamente. Es como si una nube oscura me siguiera a todas partes. Parece que no puedo deshacerme de este sentimiento de preocupación y miedo constantes. Me está asfixiando.,Ansiedad (DASS-21),Crítico
97,Me siento culpable por el estado de mi matrimonio.,General / Apoyo Emocional,Bajo
98,"Últimamente me he sentido muy ansioso, terapeuta. Es como si tuviera un nudo constante en el estómago y me hace sentir muy tensa todo el tiempo.",General / Apoyo Emocional,Bajo
99,Últimamente me siento muy infeliz y creo que podría deberse a mi paternidad.,General / Apoyo Emocional,Bajo
100,"Hola. Últimamente me he sentido un poco nervioso, especialmente en lo que respecta al trabajo. Tengo tantas metas que quiero alcanzar, pero el estrés realmente me está afectando.",Estrés (DASS-21),Moderado
101,"Últimamente me siento muy esperanzado, pero al mismo tiempo no puedo ignorar el hecho de que he estado descuidando mi propio bienestar. Es como si estuviera atrapado en este ciclo de adicción y me estuviera arrastrando hacia abajo.",General / Apoyo Emocional,Bajo
102,"Me siento muy confundida últimamente. Mi autoestima ha tocado fondo y no sé qué hacer. Mis expectativas para mí están por las nubes, pero constantemente me quedo cortas.",General / Apoyo Emocional,Bajo
103,Estoy impactado. La pérdida repentina me ha dejado sintiéndome vacía y perdida. Pero me prometo que encontraré una manera de sanar.,General / Apoyo Emocional,Bajo
104,"Estoy agotado. El peso de esta depresión me ha hecho sentir como si llevara el mundo sobre mis hombros. Es asfixiante y parece que no puedo tomar un descanso. Mis sueños ahora se sienten muy distantes. Es como si se me escaparan de entre los dedos, fuera de mi alcance.",Estrés (DASS-21),Moderado
105,"Hola, espero que estés bien. Sólo necesitaba alguien con quien hablar. Últimamente me he sentido abrumado y aislado. Es como si este peso pesado me estuviera presionando, dificultando ver la luz. Ya no sé qué hacer.",Estrés (DASS-21),Crítico
106,Me siento disgustado conmigo mismo. Es como si no tuviera control sobre mi propia mente y mis emociones.,General / Apoyo Emocional,Bajo
107,Últimamente me he sentido nervioso por algo y creo que tiene un aspecto sexual.,Ansiedad (DASS-21),Moderado
108,"Últimamente me he sentido muy a la defensiva, especialmente en el trabajo. Parece que siempre hay alguien criticándome.",General / Apoyo Emocional,Bajo
109,"Hola, últimamente me siento muy abrumado. El trabajo ha sido increíblemente estresante y ya no sé cómo manejarlo. Es como un gran peso sobre mis hombros del que parece que no puedo quitarme de encima. Me siento muy desanimado y eso está afectando todos los aspectos de mi vida.",Estrés (DASS-21),Crítico
110,"Hola, espero que estés bien. Quería hablar sobre algo que me ha estado rondando la cabeza últimamente. Me he sentido muy infeliz con mi trabajo actual y el estado de mis finanzas.",General / Apoyo Emocional,Bajo
111,"Hola, me siento un poco molesto y como un fracaso en este momento. Ha sido una semana difícil y parece que no puedo deshacerme de esta nube de tristeza.",General / Apoyo Emocional,Bajo
112,¡Hola! Estoy muy emocionada de estar aquí y hablar sobre mi infancia. Ha estado mucho en mi mente últimamente y creo que podría tener algo que ver con mi adicción.,General / Apoyo Emocional,Bajo
113,"Últimamente me he sentido feliz, pero no puedo librarme de esta abrumadora sensación de aislamiento. Es como si tuviera todo lo que necesito para estar contento, pero todavía hay un vacío persistente en mi interior.",Estrés (DASS-21),Moderado
114,"Me siento muy avergonzado, terapeuta. He estado lidiando con esta adicción sexual durante años y parece que no puedo liberarme de ella. Me está carcomiendo y no sé cómo parar.",General / Apoyo Emocional,Bajo
115,Últimamente he sentido esta barrera defensiva dentro de mí. Es como si tuviera la necesidad de protegerme ante cualquier tipo de presión o dolor que pueda surgir en mi camino.,Estrés (DASS-21),Moderado
116,"Últimamente me siento muy estresado, especialmente en lo que respecta a mis relaciones personales. Ya no sé qué hacer con ella.",Estrés (DASS-21),Moderado
117,Me siento muy molesto ahora mismo. Se trata de él. Parece que no puedo deshacerme de este pesado sentimiento de pena que me ha estado agobiando.,General / Apoyo Emocional,Bajo
118,"Hola, terapeuta. Últimamente me siento muy desanimado con respecto a mi trabajo. Solía ​​​​tener mucha confianza en mis habilidades, pero el estrés relacionado con el trabajo se está apoderando de mí. Me siento abrumado y agotado todo el tiempo. Es como si no pudiera tomar un descanso.",Estrés (DASS-21),Crítico
119,Me siento tan sola últimamente. Es como si no tuviera amigos con quienes hablar o pasar tiempo. La soledad se ha convertido en una compañera constante y me pesa.,General / Apoyo Emocional,Bajo
120,"Últimamente me he sentido a la defensiva, como si constantemente estuviera levantando muros a mi alrededor. Sé que en el fondo es porque intento evitar asumir la responsabilidad de mi adicción.",General / Apoyo Emocional,Bajo
121,Realmente estoy luchando por encontrar la paz después de que ella falleció. Siento que falta una parte de mí y no sé cómo seguir adelante.,General / Apoyo Emocional,Bajo
122,"Me siento seguro hoy, terapeuta. Me he dado cuenta de que soy capaz de lograr mis sueños, a pesar de mi lucha contra la adicción. No ha sido un viaje fácil, pero estoy lista para hacer un cambio y superar este desafío que me ha frenado durante tanto tiempo.",General / Apoyo Emocional,Bajo
123,Me he sentido muy deprimido últimamente. Hay tanta presión en mi vida en este momento.,Estrés (DASS-21),Moderado
124,Siempre me pongo a la defensiva cada vez que alguien menciona el tema del duelo. Es como si no hubiera podido afrontarlo adecuadamente.,General / Apoyo Emocional,Bajo
125,"Hola, espero que estés bien hoy. Quería hablar con alguien sobre mis relaciones personales porque últimamente me he sentido bastante nervioso. Creo que está afectando mi autoestima y mi bienestar general.",Ansiedad (DASS-21),Moderado
126,"Me siento muy perdida, especialmente cuando se trata de mis finanzas. Ha sido realmente difícil afrontar la pérdida de mi trabajo.",General / Apoyo Emocional,Bajo
127,Estoy muy cansada y estresada. Siento como si un peso me aplastara.,Estrés (DASS-21),Moderado
128,"Me siento muy nervioso por algo y necesito orientación. Verá, recientemente me divorcié y eso me ha conmovido hasta lo más profundo.",Ansiedad (DASS-21),Moderado
129,Me siento muy disgustado conmigo mismo y lamento cargarte con mis problemas.,Estrés (DASS-21),Moderado
130,"Últimamente me he sentido muy frustrado, especialmente en lo que respecta al estrés relacionado con el trabajo. Ha sido abrumador y está afectando mi bienestar mental. Además de eso, mi vida personal también ha sido desafiante. Mi cónyuge y yo estamos considerando divorciarnos.",Estrés (DASS-21),Crítico
131,"Estoy tan enojado, terapeuta. Enojada con él y enojada conmigo misma. No puedo creer que me dejé hundirme en este pozo de depresión. Es como si hubiera perdido todo el control.",Estrés (DASS-21),Moderado
132,Me siento triste y estresado. Mis relaciones personales parecen estar causándome mucho dolor últimamente. No estoy seguro de cómo navegar a través de esto.,Estrés (DASS-21),Moderado
133,Últimamente me siento muy molesto por el trabajo. Ha sido una lucha constante y parece que ya no puedo encontrar ninguna alegría en ello.,General / Apoyo Emocional,Bajo
134,He estado sintiendo esta presión dolorosa últimamente y me ha estado agobiando. No estoy seguro de cómo lidiar con eso.,Estrés (DASS-21),Moderado
135,Estoy muy cansada y siento que no puedo escapar de este agotamiento interminable. Me ha estado agobiando y no sé cómo salir de este ciclo.,General / Apoyo Emocional,Bajo
136,Estoy preocupada y lo siento. Parece que no puedo liberarme de esta adicción.,General / Apoyo Emocional,Bajo
137,Últimamente me siento muy disgustado conmigo mismo. Es como si no pudiera soportar mirarme en el espejo o siquiera pensar en quién soy. Este nivel de odio hacia mí mismo me está causando mucho estrés.,Estrés (DASS-21),Moderado
138,Siento que necesito hablar sobre algo que me ha estado molestando por un tiempo. Se trata de mi lucha contra la adicción y de cómo me hace sentir celosa y atrapada en un ciclo de abuso.,General / Apoyo Emocional,Bajo
139,"Me siento realmente triste. No sé por qué, pero parece que no puedo deshacerme de este sentimiento de tristeza. Es como una nube oscura que se cierne sobre mí, haciendo que todo se sienta pesado.",General / Apoyo Emocional,Bajo
140,Me siento tan entumecido por dentro. Es como si todas mis emociones estuvieran encerradas y ya no pudiera acceder a ellas. Mi autoestima se ha visto afectada y no sé cómo liberarme de este ciclo.,General / Apoyo Emocional,Bajo
141,"Me siento culpable todo el tiempo, especialmente cuando se trata de mi familia. Parece que el estrés laboral se está apoderando de mi vida. Parece que no puedo encontrar un equilibrio entre mi trabajo y mis responsabilidades en casa.",Estrés (DASS-21),Moderado
142,"Últimamente me he sentido muy estresado y eso me está agobiando. También siento esta sensación de pérdida, como si algo faltara en mi vida.",Estrés (DASS-21),Moderado
143,"Hola terapeuta. Quería hablar contigo hoy porque últimamente me siento un poco abrumado por el estrés relacionado con el trabajo. Solía ​​tener mucha confianza en mis habilidades y sentía que podía conquistar cualquier tarea que se me presentara. Pero últimamente he sentido una sensación de traición en mi carga de trabajo, como si se estuviera apoderando de mi vida y consumiendo toda mi energía. No sé cómo encontrar mi equilibrio nuevamente.",Estrés (DASS-21),Crítico
144,"Hola terapeuta, últimamente me he sentido muy inseguro acerca de mi matrimonio. Me ha estado agobiando y no sé qué hacer al respecto.",General / Apoyo Emocional,Bajo
145,"Me siento perdido, como si me estuviera ahogando en el estrés relacionado con el trabajo. Ya no sé cómo manejarlo.",Estrés (DASS-21),Moderado
146,"Hola, últimamente me he sentido muy infeliz en mis relaciones personales, específicamente con mi novio.",General / Apoyo Emocional,Bajo
147,Hola. Últimamente me he sentido un poco arrepentido y realmente me vendría bien un poco de orientación. Se trata de una amistad que ha estado pesando mucho en mi mente.,General / Apoyo Emocional,Bajo
148,"Hola, terapeuta. Últimamente me he sentido muy triste y abrumado por esta constante sensación de pánico que se apodera de mí. Es como una nube pesada que parece no levantarse nunca. Estoy agotada y no sé cómo liberarme de este ciclo.",Estrés (DASS-21),Moderado
149,Me siento muy triste y aislada. Mis relaciones personales han pasado factura a mi bienestar emocional últimamente.,General / Apoyo Emocional,Bajo
150,"Estoy tan agotada, tanto física como emocionalmente. Siento como si hubiera estado funcionando sin combustible durante demasiado tiempo. Y lo peor es que, por mucho que lo intente, sigo experimentando rechazo tras rechazo. Parece que no puedo tomar un descanso.",General / Apoyo Emocional,Bajo
151,Me siento tan sola y es abrumadora. No puedo evitar sentir este tremendo peso de responsabilidad sobre mis hombros.,Estrés (DASS-21),Moderado
152,Últimamente me resulta difícil sentirme en paz. Es como si hubiera una tormenta constante de ansiedad gestándose dentro de mí. Y no puedo evitar pensar que tal vez se deba al abuso que experimenté en el pasado.,Ansiedad (DASS-21),Moderado
153,Me sorprende la cantidad de críticas que he recibido últimamente. Siento que todos me juzgan por mi adicción.,General / Apoyo Emocional,Bajo
154,"No lo puedo creer, todavía estoy en shock. Todo ha cambiado mucho y no sé cómo manejarlo.",General / Apoyo Emocional,Bajo
155,"Últimamente me siento muy infeliz, especialmente cuando se trata de mi novio.",General / Apoyo Emocional,Bajo
156,"Me he sentido muy distraído últimamente y eso realmente está empezando a preocuparme. Es como si mis pensamientos estuvieran por todos lados y no pudiera concentrarme en nada. También noto que mi mente sigue divagando hacia pensamientos sexuales, lo que me provoca aún más ansiedad. No sé qué me pasa.",Ansiedad (DASS-21),Moderado
157,"Me siento tan perdida, como si me estuviera ahogando en un mar de fracasos. Todo a mi alrededor parece gris y pesado. No sé cómo seguir adelante.",General / Apoyo Emocional,Bajo
158,"Últimamente me he sentido muy nervioso, especialmente en lo que respecta a mi carrera. No sé si estoy en el camino correcto o si estoy tomando las decisiones correctas.",Ansiedad (DASS-21),Moderado
159,"Me siento aliviado ahora que el divorcio es definitivo. Pero al mismo tiempo, no puedo evitar sentirme ansioso por lo que viene después.",General / Apoyo Emocional,Bajo
160,¡Hola! Estoy muy emocionado de estar aquí hoy. Últimamente he estado lidiando con algo de estrés relacionado con el trabajo y esto ha estado afectando mi autoestima. Simplemente no siento que estoy rindiendo al máximo y eso me hace cuestionar mis habilidades.,Estrés (DASS-21),Moderado
161,"Últimamente me he sentido muy preocupado, especialmente por mi trabajo.",Ansiedad (DASS-21),Moderado
162,Me siento muy avergonzado de la forma en que el trabajo está tomando el control de mi vida. Es como si no pudiera escapar de la presión y las exigencias constantes.,Estrés (DASS-21),Moderado
163,"Tengo mucho miedo, . Últimamente estoy teniendo dificultades con la comunicación.",Ansiedad (DASS-21),Moderado
164,Me siento muy avergonzada y abrumada por el estrés relacionado con el trabajo. Constantemente siento que mis colegas me acosan y eso está afectando mi bienestar mental.,Estrés (DASS-21),Moderado
165,Estoy agradecido de tener esta oportunidad de hablar sobre mi lucha contra la adicción. Es algo que me ha perseguido desde mi infancia.,General / Apoyo Emocional,Bajo
166,"Hola , últimamente me he sentido muy distraído y eso ha estado afectando mi autoestima. Creo que podría tener algo que ver con el acoso que sufrí en el pasado.",General / Apoyo Emocional,Bajo
167,"Me siento tan confundida, . Simplemente no entiendo por qué siento constantemente esta abrumadora sensación de ansiedad. Es como una nube oscura que me sigue a todas partes. Intento identificar la causa, pero es esquiva e intangible. Siento este inmenso peso sobre mis hombros, como si estuviera cargando constantemente el peso del mundo. La responsabilidad se siente asfixiante.",Estrés (DASS-21),Crítico
168,"Hola , me siento muy triste. Han pasado algunos meses desde mi divorcio y parece que no puedo deshacerme de este sentimiento de pena.",General / Apoyo Emocional,Bajo
169,"Hola , espero que te encuentres bien hoy. Quería hablar contigo sobre algo que me ha estado molestando últimamente. Me siento muy agradecido por mi trabajo, pero al mismo tiempo también siento una sensación de traición.",General / Apoyo Emocional,Bajo
170,"Hola , espero que te encuentres bien hoy. Últimamente me he sentido un poco abrumado y no puedo deshacerme de este sentimiento de culpa que me ha estado agobiando. Está relacionado con algo sexual y no sé cómo procesarlo. ¿Podemos hablar de estrés laboral?",Estrés (DASS-21),Crítico
171,"¡Hola, ! Me siento muy emocionado hoy, pero también hay un dolor subyacente del que parece que no puedo deshacerme. Es como una extraña mezcla de emociones arremolinándose dentro de mí.",General / Apoyo Emocional,Bajo
172,Me siento muy molesto y recientemente he experimentado una pérdida significativa.,General / Apoyo Emocional,Bajo
173,"Hola , últimamente me siento muy cansado. Ha pasado un tiempo desde que mi ser querido falleció y mi dolor parece estar arrastrándome hacia abajo.",Burnout Estudiantil (MBI-SS),Moderado
174,"Estoy tan agotada, . Es como si nunca pudiera tomar un descanso. Y todo se remonta a mi infancia.",General / Apoyo Emocional,Bajo
175,"Es muy doloroso, . Estoy pasando por una ruptura y el sentimiento de rechazo es abrumador.",Estrés (DASS-21),Moderado
176,"Me siento tan avergonzado, . Necesito cambiar.",General / Apoyo Emocional,Bajo
177,Me siento muy a la defensiva ante esta ruptura. No entiendo cómo nuestra relación salió tan mal.,General / Apoyo Emocional,Bajo
178,"Hola , últimamente me he sentido muy estresado, especialmente en relación con el trabajo. Ha estado afectando mi felicidad general e incluso mi matrimonio. Simplemente no sé qué hacer.",Estrés (DASS-21),Moderado
179,"Últimamente me he sentido muy nervioso, especialmente en lo que respecta a la comunicación en el trabajo. Se está volviendo abrumador.",Estrés (DASS-21),Moderado
180,"Últimamente me he sentido muy disgustado con mi trabajo, . Ha sido una gran lucha lidiar con la presión y las demandas constantes. Siento que ya no tengo control sobre mi propia vida. La comunicación dentro de mi equipo también es muy pobre, lo que hace que todo sea aún más abrumador. Sólo necesito orientación sobre cómo navegar a través de esto.",Estrés (DASS-21),Crítico
181,"Hola , espero que te encuentres bien. Quería hablar contigo hoy porque últimamente me he sentido muy avergonzado por mis finanzas.",General / Apoyo Emocional,Bajo
182,"Estoy frustrado, . Mi familia está constantemente en desacuerdo y ya no sé cómo lidiar con eso. Mis expectativas de una familia armoniosa parecen imposibles de alcanzar.",General / Apoyo Emocional,Bajo
183,"Hola , realmente necesito hablar con alguien. Me siento muy avergonzada por algo, y se trata de mi novio.",General / Apoyo Emocional,Bajo
184,Me siento tan avergonzada y llena de inseguridad. Es como un peso constante en mi pecho y no puedo escapar de él.,General / Apoyo Emocional,Bajo
185,"¡Hola, ! Espero que lo estés haciendo bién. Últimamente me he sentido en conflicto con mi trabajo y eso ha afectado mi felicidad general.",General / Apoyo Emocional,Bajo
186,"Me siento muy deprimido últimamente, . He estado luchando con este sentimiento abrumador de tristeza y desesperanza. Ha sido muy difícil incluso levantarse de la cama por la mañana. Solía ​​​​tener confianza y ser feliz, pero ahora todo lo que siento es una profunda sensación de depresión.",Estrés (DASS-21),Crítico
187,"Últimamente me he sentido muy a la defensiva, especialmente cuando se trata de hablar sobre el estrés relacionado con el trabajo. Es como si hubiera construido estos muros a mi alrededor, con miedo de dejar entrar a alguien. Pero al mismo tiempo, tengo estas metas ardientes que quiero alcanzar y el estrés parece estar frenándome.",Estrés (DASS-21),Moderado
188,"Hola , espero que puedas ayudarme. Últimamente me he sentido increíblemente deprimido y desesperado. Parece que todo lo que intento termina en fracaso. Tuve este sueño, ya sabes, un sueño que haría mi vida completa, pero se siente tan fuera de mi alcance en este momento.",General / Apoyo Emocional,Bajo
189,"Hola , espero que te encuentres bien. Quería hablar contigo sobre algo que me ronda por la cabeza últimamente. Me he sentido bastante nervioso por un conflicto que estoy experimentando con mis amigos y realmente me está trayendo algunos recuerdos de la infancia.",Ansiedad (DASS-21),Moderado
190,Han pasado semanas desde la ruptura y no puedo encontrar la paz dentro de mí. Siento esta abrumadora sensación de dependencia de mi ex y me está destrozando.,Estrés (DASS-21),Moderado
191,"Hola , espero que estés teniendo un día maravilloso! Quería hablar sobre algo que ha estado en mi mente últimamente. Verás, últimamente me he sentido un poco aislado, como si no tuviera a nadie en quien apoyarme. Ha sido duro, ¿sabes?",General / Apoyo Emocional,Bajo
192,Últimamente me he sentido muy celoso y creo que es por mis finanzas.,General / Apoyo Emocional,Bajo
193,"Me siento muy cansado, . Parece que no puedo deshacerme de este sentimiento de agotamiento constante.",Burnout Estudiantil (MBI-SS),Moderado
194,"Hola , espero que te encuentres bien hoy. Me alegra mucho tener un amigo como tú con quien hablar. Pero, sinceramente, estoy en un estado de pánico y no sé cómo afrontarlo.",Ansiedad (DASS-21),Moderado
195,Hola . Espero que estés bien hoy. Últimamente he estado luchando contra mucho estrés relacionado con el trabajo y estoy empezando a darme cuenta de que está afectando mi bienestar general. He tomado la decisión de buscar terapia que me ayude a encontrar formas más saludables de afrontar este estrés.,Estrés (DASS-21),Moderado
196,"Hola , espero que te encuentres bien. Últimamente me he sentido muy desanimado y creo que se debe a mi reciente ruptura. Ha sido muy difícil para mí seguir adelante y no puedo evitar sentir celos cada vez que veo a mi ex con otra persona. Solíamos ir a la misma escuela y verlos allí hace que todo sea más difícil.",General / Apoyo Emocional,Bajo
197,"Me he sentido solo últimamente, . Es difícil admitirlo, pero realmente necesito alguien con quien hablar. Mis problemas en el trabajo me han estado agobiando.",General / Apoyo Emocional,Bajo
198,"Estoy en shock, . Me acabo de enterar que mi pareja me ha estado engañando.",General / Apoyo Emocional,Bajo
199,"Hola , espero que estés bien. Realmente necesitaba alguien con quien hablar porque me siento muy desanimada. Acabo de pasar por una angustia realmente dura y siento como si hubiera vuelto a fallar en el amor. Es tan doloroso.",General / Apoyo Emocional,Bajo
200,"Hola , espero que te encuentres bien hoy. Quería hablar con alguien sobre lo que ha estado pasando en mi vida últimamente. Me he sentido exhausto y cansado todo el tiempo y parece que no puedo deshacerme de esta abrumadora sensación de fatiga. Realmente me está pasando factura.",Burnout Estudiantil (MBI-SS),Crítico
201,"Hola , espero que estés bien. Últimamente me he sentido un poco molesto por algo y realmente me vendría bien tu ayuda. Verá, mi prometida y yo hemos estado soñando con nuestra boda durante mucho tiempo, pero con todas las restricciones e incertidumbres actuales, parece que nuestro sueño puede no hacerse realidad. Ha sido una fuente de estrés y tristeza para ambos.",Estrés (DASS-21),Moderado
202,"Me he sentido muy triste últimamente, . Se trata de mi marido, ¿sabes? No puedo evitar sentirme ansioso por un sueño que siempre he tenido. Quiero hablar de ello, si te parece bien.",General / Apoyo Emocional,Bajo
203,"Hola , espero que te encuentres bien hoy. Quería hablar contigo sobre algo que tengo en mente. A pesar de sentirme feliz en general, últimamente he pasado por algunos momentos de inseguridad.",General / Apoyo Emocional,Bajo
204,"Hola , espero que te encuentres bien. Quería hablar contigo sobre algo que me ha estado molestando últimamente. Me he sentido decepcionado conmigo mismo y eso realmente está afectando mi autoestima.",General / Apoyo Emocional,Bajo
205,"Me siento aliviado de estar finalmente aquí, . He estado luchando contra una sensación de dependencia que me ha estado agobiando.",General / Apoyo Emocional,Bajo
206,Últimamente me siento muy enojado y eso está afectando mi capacidad para mantener amistades.,General / Apoyo Emocional,Bajo
207,"¡Oye ! Estoy muy emocionado de hablar contigo hoy. La familia es una parte muy importante de mi vida y últimamente he estado lidiando con algunos problemas de salud que me han afectado no solo a mí, sino también a mis seres queridos.",General / Apoyo Emocional,Bajo
208,"Me he sentido muy deprimido últimamente, . Pero tengo la esperanza de que nuestra sesión de hoy pueda ayudarme a encontrar algo de luz en esta oscuridad. Es sólo que he estado luchando con la pérdida de alguien muy cercano a mí en mi familia.",General / Apoyo Emocional,Bajo
209,Últimamente me siento muy deprimido... Ella me dejó y parece que no puedo deshacerme de este sentimiento de vacío.,General / Apoyo Emocional,Bajo
210,"Estoy tan cansada, . Han pasado semanas y todavía no he podido pasar de él. El dolor es abrumador.",Estrés (DASS-21),Moderado
211,"Hola , espero que te encuentres bien hoy. Quería acercarte porque siento que podrías ser un amigo para mí. Verá, últimamente he estado luchando contra la ansiedad y ha estado afectando mi vida diaria.",Ansiedad (DASS-21),Moderado
212,"Me siento tan celoso de los sueños de otras personas. Es como si todos los que me rodeaban estuvieran avanzando, logrando sus objetivos, y aquí estoy yo, atrapada en este oscuro agujero de ansiedad. Parece que no puedo escapar de ello por mucho que lo intente.",Ansiedad (DASS-21),Moderado
213,"No puedo creer lo abrumada que he estado desde mi ruptura. Es como si todo en mi vida se hubiera desmoronado, especialmente en lo que se refiere a mis problemas de salud.",General / Apoyo Emocional,Bajo
214,"Me siento aliviado de estar aquí, . Ha sido un viaje muy desafiante, pero estoy agradecido de tener finalmente a alguien con quien hablar sobre mi lucha contra la depresión. Sabes, es difícil cuando sientes que no puedes abrirte completamente ni siquiera con tu propia familia.",Estrés (DASS-21),Moderado
215,"Últimamente me he sentido muy a la defensiva, . Es como si cada interacción con mis amigos se convirtiera en un conflicto. No se que hacer.",General / Apoyo Emocional,Bajo
216,"Hola , hoy me siento muy seguro. Pero necesito tu ayuda con algo. Se trata de mi familia. Últimamente ha habido algunas tensiones y conflictos y no estoy seguro de cómo manejarlos. Todo empezó cuando mi hermana sospechó que mi pareja me engañaba. No puedo evitar sentirme atrapado en el medio.",General / Apoyo Emocional,Bajo
217,Me siento muy triste y abrumada. Es como si hubiera perdido el control sobre mis propias emociones.,General / Apoyo Emocional,Bajo
218,"Hola , espero que te encuentres bien. Últimamente me he sentido un poco abrumado y quería hablar con alguien al respecto. Tengo miedo de que mis relaciones personales estén empezando a desmoronarse y eso me está provocando mucho estrés. Mis objetivos en terapia son ganar claridad, encontrar formas saludables de comunicarme y construir conexiones más fuertes con las personas que me importan.",Estrés (DASS-21),Crítico
219,"Hola , espero que te encuentres bien hoy. Me siento cómodo abriéndome a ti porque te veo como un amigo. La confianza es importante para mí en este proceso terapéutico y creo que podemos construir una conexión sólida basada en eso.",General / Apoyo Emocional,Bajo
220,"Hola , últimamente me he sentido muy deprimido y eso está afectando mi capacidad para concentrarme en mi trabajo.",General / Apoyo Emocional,Bajo
221,"Me siento muy deprimido últimamente, . Mi mente se siente tan abarrotada y parece que no puedo encontrar ningún momento de paz. Es como si la ansiedad se hubiera apoderado de todo mi ser. Está poniendo a prueba mi relación conmigo mismo y con quienes me rodean.",Ansiedad (DASS-21),Moderado
222,"Hola , tengo mucho miedo por mi próximo matrimonio. Es un paso tan grande y no estoy seguro de estar preparado para ello.",Ansiedad (DASS-21),Moderado
223,"Hola , espero que te encuentres bien. Hoy me siento lo suficientemente seguro como para hablar de algo que me ha estado molestando durante un tiempo: mi matrimonio.",General / Apoyo Emocional,Bajo
224,Me siento realmente disgustado en este momento. Mi pareja me engañó y eso me está destrozando.,General / Apoyo Emocional,Bajo
225,"Oye, me siento realmente abrumado en este momento. Últimamente he estado lidiando con mucha ansiedad, especialmente en lo que respecta a mi trabajo y mis amistades.",Estrés (DASS-21),Moderado
226,"Hola , me da mucha vergüenza y lamento haber buscado terapia, pero creo que necesito ayuda con mi adicción.",General / Apoyo Emocional,Bajo
227,"Estoy tan agotada, . Me siento un gran fracaso en todo lo que hago. Es como si no pudiera hacer nada bien por mucho que lo intentara.",General / Apoyo Emocional,Bajo
228,"Hola , últimamente me siento cansado y eso está afectando mucho mi autoestima.",Burnout Estudiantil (MBI-SS),Moderado
229,"Hola , espero que te encuentres bien. Últimamente siento una mezcla de emociones y me cuesta encontrar el equilibrio entre ser feliz y cuidar mi salud.",General / Apoyo Emocional,Bajo
230,"Hola , hoy me siento muy cansado. Ella, mi hermana, tuvo una gran fiesta anoche y eso me mantuvo despierto.",Burnout Estudiantil (MBI-SS),Moderado
231,"Siento una profunda tristeza, . Perdí a mi amada pareja durante 30 años y eso me está destrozando. Nuestro matrimonio estuvo lleno de felicidad y amor, pero ahora lo único que siento es este dolor abrumador.",Estrés (DASS-21),Moderado
232,"Me siento tan abrumada, . Es como si me estuviera ahogando en un mar de desesperación, consumido por este pánico interminable. El peso sobre mi pecho se siente insoportable y no sé cómo encontrar el camino de regreso a la superficie.",Ansiedad (DASS-21),Moderado
233,Me siento muy arrepentido de cómo terminaron las cosas con mi novia. Estuvimos juntos durante años y ahora todo se acabó.,General / Apoyo Emocional,Bajo
234,"Tengo miedo, . Ser padre se ha convertido en un gran desafío para mí últimamente.",Ansiedad (DASS-21),Moderado
235,Me sorprende mucho lo fracasado que me he convertido. Todo parece desmoronarse en mi vida y no sé cómo recoger los pedazos.,General / Apoyo Emocional,Bajo
236,"Últimamente me siento muy triste, especialmente cuando pienso en la escuela.",General / Apoyo Emocional,Bajo
237,"Hola , últimamente me he sentido un poco inseguro, especialmente cuando se trata de formar nuevas amistades.",General / Apoyo Emocional,Bajo
238,"Hola , no puedo deshacerme de este sentimiento de soledad. Desde que perdí a mi prometida en ese accidente, ha sido increíblemente difícil sobrellevar la situación. Me siento tan perdida y vacía.",General / Apoyo Emocional,Bajo
239,"Me siento tan perdida y vacía ahora mismo, . Mi corazón está hecho añicos en un millón de pedazos y parece que no puedo volver a unirlos. Es como si mi mundo hubiera sido destrozado y estuviera luchando por encontrarle sentido a todo. Quiero tener esperanzas, pero es difícil cuando el dolor es tan abrumador. Mi familia ha estado tratando de apoyarme, pero realmente no entienden por lo que estoy pasando.",Estrés (DASS-21),Moderado
240,"Estoy realmente descontento conmigo mismo, . Siento que tengo mucha responsabilidad agobiándome.",General / Apoyo Emocional,Bajo
241,"Últimamente me he sentido muy estresada, especialmente en lo que respecta a la crianza de los hijos.",Estrés (DASS-21),Moderado
242,"Me siento muy triste, . Mi prometida rompió conmigo recientemente y eso me dejó sintiéndome perdida y vacía. He estado tratando de encontrar algo en lo que ocupar mi tiempo y distraerme del dolor, pero parece que no puedo encontrar un nuevo pasatiempo que me brinde alegría.",General / Apoyo Emocional,Bajo
243,"Hola , espero que estés bien! Realmente necesito hablar sobre algo que me ha estado molestando mucho últimamente. Me he sentido increíblemente molesto con mis finanzas y eso me ha causado mucho estrés en el trabajo.",Estrés (DASS-21),Moderado
244,"Estoy muy preocupada, . Últimamente he tenido conflictos con mis amigos y eso ha causado mucha tensión en mi vida. Siento que no sé cómo afrontar estas situaciones difíciles y eso está empezando a afectar mi bienestar general. Mi principal objetivo en este momento es encontrar una manera de resolver estos conflictos y recuperar la armonía en mis amistades.",General / Apoyo Emocional,Bajo
245,"Hola , espero que te encuentres bien hoy. Debo admitir que me siento un poco molesto y abrumado en este momento. Siento que todo lo que hago últimamente termina en un fracaso.",Estrés (DASS-21),Moderado
246,"Hola , últimamente he tenido mucho miedo y creo que es por algunos conflictos dentro de mi familia. Siento que nuestra comunicación se ha roto por completo y eso está causando mucha tensión.",Ansiedad (DASS-21),Moderado
247,"Me siento muy triste, . Estoy luchando contra mi adicción y está consumiendo toda mi vida. No sé cómo liberarme de este ciclo y está afectando mi bienestar emocional. Mis objetivos para la terapia son comprender las causas fundamentales de mi adicción y encontrar mecanismos de afrontamiento más saludables.",General / Apoyo Emocional,Bajo
248,"Hola , espero que te encuentres bien. Quería hablar contigo sobre algo que me ronda por la cabeza últimamente, pero me siento un poco avergonzado y apenado por mencionarlo. Recientemente, he estado pensando en adquirir un nuevo pasatiempo.",General / Apoyo Emocional,Bajo
249,Me siento tan avergonzado de mí mismo... Es como si el rechazo fuera mi segundo nombre.,General / Apoyo Emocional,Bajo
250,"Hola , espero que te encuentres bien hoy. Sólo quería comenzar diciendo lo agradecido que estoy por su apoyo y orientación. Gracias a nuestras sesiones, he experimentado cierto éxito en mi viaje hacia la curación del desamor.",General / Apoyo Emocional,Bajo
251,Me siento muy arrepentido por esta ruptura. Me ha estado comiendo por dentro.,General / Apoyo Emocional,Bajo
252,"Hola , espero que te encuentres bien. Últimamente he tenido mucho miedo y eso ha afectado mi autoestima. Sé que debería ser más amable conmigo mismo, pero es difícil cuando dudo constantemente de mi valor.",Ansiedad (DASS-21),Moderado
253,"Me siento tan disgustado conmigo mismo. Es como si mis problemas de salud se hubieran apoderado de mi vida y no pudiera escapar de ellos. Tengo este trauma profundamente arraigado que sigue resurgiendo, lo que hace que sea aún más difícil afrontarlo.",General / Apoyo Emocional,Bajo
254,"Hola , espero que estés bien hoy. Quería hablar contigo sobre algo que me ha estado molestando. Últimamente me siento un poco decepcionado con mi novia.",General / Apoyo Emocional,Bajo
255,Me siento tan avergonzado de mí mismo. Acabo de romper con mi novia y no puedo evitar culparme por todo lo que salió mal.,General / Apoyo Emocional,Bajo
256,"Hola , espero que te encuentres bien. Últimamente he estado experimentando algo de estrés relacionado con el trabajo y siento que realmente me está pasando factura. Sé que la comunicación es clave a la hora de gestionar el estrés, por eso quería hablarte de ello.",Estrés (DASS-21),Moderado
257,Estoy tan infeliz. Siento que el éxito está a kilómetros de distancia.,General / Apoyo Emocional,Bajo
258,"Hola , espero que te encuentres bien. Quería comenzar diciendo lo agradecido que estoy de tener la oportunidad de hablar con ustedes sobre mi autoestima. Es algo que me ronda mucho la cabeza últimamente y que está afectando a varios aspectos de mi vida.",General / Apoyo Emocional,Bajo
259,"Hola , espero que te encuentres bien hoy. Me siento seguro de poder pedir ayuda. He estado luchando contra la adicción y últimamente ha sido muy difícil para mí. Me siento como un tramposo porque he dejado que controle mi vida durante tanto tiempo.",General / Apoyo Emocional,Bajo
260,"Me siento muy disgustado, . Ha sido muy difícil lidiar con todo este conflicto familiar que rodea a mi novia.",General / Apoyo Emocional,Bajo
261,"Hola , espero que estés bien hoy. Me he sentido muy ansioso últimamente y me vendría muy bien tu ayuda. He estado luchando por encontrar un nuevo pasatiempo que realmente pueda amar y disfrutar. Ha sido un poco abrumador tratar de equilibrar el trabajo y encontrar algo que me brinde alegría fuera de él.",Estrés (DASS-21),Moderado
262,"Hola , espero que te encuentres bien hoy. Tengo algo en mente por lo que me he sentido esperanzado y temeroso. Es este sueño que tengo, un sueño que siento tan cercano pero también tan lejano. Quiero hablar sobre ello y ver si puedes arrojar algo de luz sobre cómo puedo superar los miedos que me frenan.",Ansiedad (DASS-21),Moderado
263,"Estoy en shock, . No puedo creer lo desconsolado que estoy en este momento. Se siente como si alguien me hubiera arrancado el corazón y lo hubiera pisoteado. Parece que ya no puedo encontrarle sentido a nada.",General / Apoyo Emocional,Bajo
264,"Últimamente me siento un poco arrepentido, . Es como un peso pesado en mi pecho del que no puedo quitarme de encima. Todo surge de mi relación con mi mamá.",General / Apoyo Emocional,Bajo
265,Me siento aliviado de tener finalmente la oportunidad de hablar sobre esta ruptura.,General / Apoyo Emocional,Bajo
266,"Me siento muy avergonzado, . Se trata de mis finanzas. He estado luchando para llegar a fin de mes y realmente me está pasando factura emocionalmente.",General / Apoyo Emocional,Bajo
267,"Últimamente me siento muy deprimido y él, mi padre, simplemente no parece entenderlo.",General / Apoyo Emocional,Bajo
268,"Es doloroso admitirlo, pero siento que no he encontrado mi lugar en el mundo. He estado buscando algo que me brinde alegría y satisfacción, pero siento que todo lo que intento fracasa. Me prometí a mí mismo que encontraría un nuevo pasatiempo, algo que pudiera despertar un sentido de propósito, pero ha sido una lucha.",General / Apoyo Emocional,Bajo
269,"Me siento muy agradecido de que estés aquí para escucharme, . Últimamente he estado luchando contra un pánico abrumador. Es como este nudo en mi pecho que se aprieta cada día que pasa. Parece que no puedo quitármelo de encima sin importar lo que haga.",Estrés (DASS-21),Moderado
270,"Me he sentido muy arrepentido últimamente, . Me ha estado carcomiendo, consumiendo mis pensamientos, especialmente cuando se trata de mi novia.",General / Apoyo Emocional,Bajo
271,"Me he sentido muy avergonzada y agobiada por este constante conflicto familiar. Parece que no importa lo que haga, siempre me encuentro con críticas y juicios sobre mis seres queridos. Es asfixiante y ya no sé qué hacer.",Ansiedad (DASS-21),Moderado
272,"Hola , espero que te encuentres bien. Quería hablar de algo que me ha estado molestando últimamente. He tenido miedo de probar cosas nuevas y explorar nuevos pasatiempos. Creo que se debe a un trauma pasado que experimenté hace unos años.",Ansiedad (DASS-21),Moderado
273,"Hola , me siento muy ansioso y parece que ya no puedo controlar mis emociones.",General / Apoyo Emocional,Bajo
274,"Hola , quería hablar sobre mi conflicto con amigos. Me ha estado molestando mucho últimamente y realmente me vendría bien un poco de orientación.",General / Apoyo Emocional,Bajo
275,"Hola , espero que estés bien. Me he sentido muy tenso últimamente y me vendría bien un poco de orientación con el estrés relacionado con el trabajo. Me ha estado agobiando y no me siento tan seguro como antes.",Estrés (DASS-21),Moderado
276,"Hola , espero que te encuentres bien. Últimamente me he sentido muy nervioso y eso ha afectado mi salud en general. Simplemente ya no sé qué hacer.",Ansiedad (DASS-21),Moderado
277,"Hola , me siento realmente abrumado en este momento. Mi angustia parece demasiado difícil de manejar. Sé que el cambio es parte de la vida, pero es difícil ver la luz al final del túnel.",Estrés (DASS-21),Moderado
278,"Últimamente me siento muy tenso, . Pensé que lo tenía todo resuelto, pero ahora mi corazón está hecho añicos. Solía ​​tener mucha confianza, ¿sabes? Pero perder mi trabajo me ha sacudido hasta lo más profundo.",General / Apoyo Emocional,Bajo
279,"Hola . Espero que estés bien hoy. Para ser honesto, me siento un poco nervioso por abrirme, pero sé que necesito hablar de ello. Verás, últimamente mis sueños me han estado persiguiendo y están empezando a afectarme durante las horas de vigilia.",Ansiedad (DASS-21),Moderado
280,"Últimamente me he sentido muy ansiosa, especialmente cuando se trata de mi prometida.",General / Apoyo Emocional,Bajo
281,"He estado pensando mucho en ello últimamente y pensé que podría ser útil hablarlo con alguien. Verás, tengo esta amiga y ella significa mucho para mí. Pero últimamente nuestra relación se ha vuelto un poco tensa.",General / Apoyo Emocional,Bajo
282,No puedo creer lo disgustada y traicionada que me siento. Es una sensación terrible darse cuenta de que algo que una vez amaste se ha convertido en una fuente de decepción.,General / Apoyo Emocional,Bajo
283,Me siento enojado y tengo una sensación de inseguridad. No sé por qué me siento así. Me ha estado molestando desde hace un tiempo.,General / Apoyo Emocional,Bajo
284,"Hola , espero que puedas ayudarme. Me siento realmente abrumado y estancado en este momento. Ha sido muy doloroso ver a mi esposa pasar por esto.",Estrés (DASS-21),Moderado
285,"Hola , espero que te encuentres bien. Me he sentido muy deprimido últimamente y creo que es por mis inseguridades y mi baja autoestima. Es como una nube oscura que se cierne sobre mí y parece que no puedo deshacerme de ella.",General / Apoyo Emocional,Bajo
286,"Estoy realmente sorprendido de cuánto me pueden afectar los conflictos familiares. Últimamente me pesa mucho en la cabeza. Y para ser honesto, parte de esto tiene que ver con la tensión sexual dentro de la familia.",General / Apoyo Emocional,Bajo
287,Últimamente me siento muy alterado y eso está empezando a afectar mi salud.,General / Apoyo Emocional,Bajo
288,"Todavía estoy muy sorprendida por lo que pasó. Mi pareja me engañó, . Nunca lo vi venir y me ha dejado completamente destrozado.",General / Apoyo Emocional,Bajo
289,"Hola , espero que estés bien hoy. Me siento muy cansado, tanto física como mentalmente. Es como un peso constante sobre mis hombros del que parece que no puedo deshacerme. Ha habido un conflicto dentro de mí y me está agotando.",Burnout Estudiantil (MBI-SS),Moderado
290,"Es doloroso, ¿sabes? Este dolor que llevo, lo siento como un gran peso en mi pecho. Y no es sólo la pérdida en sí, sino la forma en que sigue intimidando mi corazón, destrozando los fragmentos de esperanza que me quedan.",General / Apoyo Emocional,Bajo
291,"Últimamente me siento muy abrumada, . Y existe una inseguridad subyacente que simplemente no desaparece. Es como si estuviera atrapado en este ciclo interminable de emociones y no sé cómo liberarme.",General / Apoyo Emocional,Bajo
292,Últimamente me he sentido realmente infeliz. Hay una sensación constante de vacío y pérdida de la que no puedo deshacerme.,General / Apoyo Emocional,Bajo
293,Últimamente me siento muy infeliz y agotada. Es como si estuviera atrapado en este ciclo interminable de trabajo y parece que ya no puedo encontrar ninguna alegría en ello.,General / Apoyo Emocional,Bajo
294,Me siento tan enojado en este momento y no sé ni por dónde empezar. Parece que todo se está desmoronando y estoy atrapada en este bucle interminable de angustia.,General / Apoyo Emocional,Bajo
295,"Estoy en shock, . Me acabo de dar cuenta de que he estado viviendo con mucho abuso en mi vida.",General / Apoyo Emocional,Bajo
296,"Hola , últimamente me he sentido muy triste y creo que necesito ayuda con mis habilidades de comunicación.",General / Apoyo Emocional,Bajo
297,"Hola , espero que te encuentres bien. Realmente no sé por dónde empezar, pero últimamente me he sentido muy conmocionado y abrumado. Ha sido un gran trauma para mí lidiar con el conflicto que tengo con mis amigos.",Estrés (DASS-21),Moderado
298,Me siento tan molesto por ella. Nuestra relación ha sido difícil últimamente y pesa mucho en mi corazón.,General / Apoyo Emocional,Bajo
299,"Últimamente me he sentido muy nervioso, . Es como si tuviera un nudo constante en el estómago y no pudiera quitármelo de encima. Me siento abandonado, incluso olvidado. Es como si nadie entendiera por lo que estoy pasando.",Ansiedad (DASS-21),Moderado
300,"Me he sentido muy deprimido últimamente, . Simplemente parece que no puedo sentirme seguro de mí mismo sin importar lo que haga. Es como una batalla constante en mi mente, y no sé cómo liberarme de ella. Mi mamá solía decirme siempre que podía hacer cualquier cosa que me propusiera, pero últimamente parece que ya no puedo creer en mí misma.",General / Apoyo Emocional,Bajo
301,"Hola , espero que te encuentres bien. Últimamente me he sentido muy entumecido y no sé qué hacer. Mi esposo y yo hemos estado casados ​​durante años y parece que estamos atrapados en una rutina. Creo que necesito un nuevo pasatiempo para cambiar las cosas, pero no sé por dónde empezar.",Burnout Estudiantil (MBI-SS),Moderado
302,"Hola , espero que estés bien. Me he sentido muy deprimido últimamente y pensé que debería buscar orientación. Verás, estaba muy entusiasmado con mi carrera, pero últimamente todo parece desmoronarse.",General / Apoyo Emocional,Bajo
303,"Hola , espero que te encuentres bien. Últimamente me he sentido bastante distraído y eso realmente está empezando a afectar mi vida personal. Mi mente sigue divagando y parece que no puedo concentrarme en nada, incluido mi trabajo. Ha sido un desafío hacer malabares con todo y está poniendo tensión en mi relación. Me temo que si no encuentro una manera de gestionar esto, podría terminar en divorcio.",General / Apoyo Emocional,Bajo
304,"Hola , últimamente me he sentido un poco triste y quería hablar con alguien que pueda ayudarme con mis pensamientos y emociones. Creo que la comunicación es realmente importante, ¿no crees?",General / Apoyo Emocional,Bajo
305,"Hola , últimamente me siento muy triste y como un fracaso. Ha sido muy difícil mantener una actitud positiva y creer en mí mismo.",General / Apoyo Emocional,Bajo
306,"Es realmente doloroso admitirlo, pero creo que tengo una adicción. Está afectando a mi familia y no sé qué hacer.",General / Apoyo Emocional,Bajo
307,"Hola , espero que te encuentres bien. Últimamente me siento muy abrumado y creo que todo se debe a mi trabajo. Ha sido difícil mantenerme al día con todo y ya no sé qué hacer.",Estrés (DASS-21),Moderado
308,Últimamente me siento muy conmocionado y solo. He estado lidiando con algunos problemas de salud y me ha pasado factura.,General / Apoyo Emocional,Bajo
309,"Me siento muy ansioso, . Es como si una nube oscura se cerniera sobre mí todo el tiempo. Y para empeorar las cosas, me acosan en el trabajo.",General / Apoyo Emocional,Bajo
310,"Me siento aliviado de finalmente poder hablar abiertamente sobre mi lucha contra la adicción. Ha sido una carga pesada para llevarla sola. Y está afectando todos los aspectos de mi vida, incluida mi carrera.",Estrés (DASS-21),Moderado
311,"Hola , me siento muy confundido con todo este asunto de la paternidad. Es abrumador y ya no sé qué hacer.",Estrés (DASS-21),Moderado
312,"Me siento arrepentido y en conflicto, . Estas oleadas de ansiedad siguen cayendo sobre mí y se están volviendo demasiado difíciles de soportar.",Ansiedad (DASS-21),Moderado
313,"Últimamente me siento muy disgustado conmigo mismo, . Es como si no importara lo que hiciera, no puedo escapar de este sentimiento de baja autoestima. Intenté trabajar en ello, pero ha sido muy difícil. La comunicación es especialmente difícil para mí. Me resulta difícil expresar mis necesidades y deseos y, a menudo, siento que no me escuchan ni me comprenden.",General / Apoyo Emocional,Bajo
314,"Últimamente me he sentido a la defensiva, . Es como si estuviera constantemente en guardia, esperando ser atacado. Y para empeorar las cosas, creo que he estado lidiando con acoso en el trabajo.",General / Apoyo Emocional,Bajo
315,"Hola, . Espero que estés bien hoy. Solo quería acercarme porque me siento completamente agotado por el trabajo de roles. Ha sido una semana muy larga y parece que no puedo tomar un descanso.",Burnout Estudiantil (MBI-SS),Moderado
316,"Me siento muy arrepentido de mi ruptura. Han pasado algunas semanas desde que sucedió, pero parece que no puedo quitarme la tristeza. Sigo repitiendo todos los momentos que compartimos en mi mente y eso me hace sentir aún más perdida y sola. Extraño la intimidad que teníamos, la conexión emocional que compartíamos e incluso el aspecto sexual de nuestra relación.",General / Apoyo Emocional,Bajo
317,"Recientemente descubrí un nuevo pasatiempo y debo decir, , que estoy absolutamente impactado por el profundo impacto que ha tenido en mi vida. Este nuevo interés me ha brindado consuelo en tiempos de aislamiento.",General / Apoyo Emocional,Bajo
318,Me siento aliviado de tener finalmente esta sesión de terapia. Tengo grandes expectativas de encontrar algún alivio para mi estrés relacionado con el trabajo.,Estrés (DASS-21),Moderado
319,"¡Hola, ! Espero que este mensaje te encuentre bien. Últimamente he sentido una inmensa cantidad de estrés relacionado con el trabajo y realmente me vendría bien tu orientación. Verá, he estado casado durante algunos años y amo muchísimo a mi pareja, pero el trabajo del rol de estrés está empezando a afectar nuestra relación.",Estrés (DASS-21),Moderado
320,"Hola , espero que te encuentres bien. Estoy extendiendo la mano porque siento que mi corazón está roto y estoy luchando por encontrar una sensación de control en mi vida en este momento.",General / Apoyo Emocional,Bajo
321,"Hola , me siento perdido y abrumado. He estado lidiando con algunos conflictos familiares, específicamente acoso dentro de mi familia.",Estrés (DASS-21),Moderado
322,"Hola, . Me siento muy ansioso por esta ruptura.",General / Apoyo Emocional,Bajo
323,"Me siento perdido, . Es como si hubiera estado vagando por un laberinto, buscando desesperadamente el éxito.",General / Apoyo Emocional,Bajo
324,"Me he sentido muy deprimido últimamente, . Es como un peso pesado en mi pecho del que parece que no puedo quitarme de encima. No sé qué hacer, es simplemente abrumador.",Estrés (DASS-21),Moderado
325,"No puedo quitarme este sentimiento de culpa, . Me está consumiendo, especialmente cuando pienso en él y en el trabajo.",General / Apoyo Emocional,Bajo
326,"Me siento seguro hoy, . He estado haciendo algunos cambios en mi vida y me prometo que el estrés laboral ya no me controlará. Quiero encontrar una manera de gestionarlo y llevar una vida más feliz y plena.",Estrés (DASS-21),Moderado
327,"Hola , espero que estés bien hoy. Ha pasado un tiempo desde la última vez que hablamos, pero finalmente reuní el coraje para acercarme. Últimamente he sentido una mezcla de emociones y quería hablar sobre algo que me pesa mucho en la mente. Verá, he estado luchando con este sentimiento paradójico de querer ser feliz y al mismo tiempo lidiar con los restos de abusos pasados. Es bastante desconcertante, para ser honesto.",General / Apoyo Emocional,Bajo
328,"Tengo miedo, . Siento esta abrumadora sensación de pérdida y me está consumiendo.",Estrés (DASS-21),Moderado
329,"Hola , últimamente me he sentido muy confundido. Tengo el objetivo de lograr el éxito, pero lo siento muy fuera de mi alcance. No sé por dónde empezar ni cómo desarrollar mi confianza.",General / Apoyo Emocional,Bajo
330,"Hola , me siento muy inseguro y solo. Simplemente ya no sé qué hacer.",General / Apoyo Emocional,Bajo
331,"Hola , espero que te encuentres bien hoy. Quería hablar contigo sobre algo que me ronda por la cabeza últimamente. Me he sentido un poco deprimido porque he estado probando nuevos pasatiempos, pero no he tenido mucho éxito. Me ha hecho cuestionar mis habilidades y ha afectado mi confianza.",General / Apoyo Emocional,Bajo
332,"Estoy tan disgustada con mi familia, . Las constantes discusiones, los comentarios hirientes, todo me agobia. Y lo peor es que me siento muy sola incluso cuando estoy rodeada de ellos.",General / Apoyo Emocional,Bajo
333,"Me siento perdido, . Es como si me hubiera vuelto tan dependiente de los demás para mi felicidad.",General / Apoyo Emocional,Bajo
334,"Hola , últimamente me siento muy ansioso, especialmente en lo que respeta a la escuela. Parece que siempre hay algún tipo de conflicto con mis amigos y se está volviendo realmente abrumador.",Estrés (DASS-21),Moderado
335,"Estoy realmente agradecida de tener esta oportunidad de hablar, pero también siento mucho miedo de hablar abiertamente sobre mi conflicto familiar. Me ha estado agobiando durante mucho tiempo y no sé por dónde empezar.",Ansiedad (DASS-21),Moderado
336,"Hola , espero que estés bien. Últimamente he estado luchando un poco con el estrés relacionado con el trabajo y pensé que sería útil hablar del tema. Sabes, a veces siento que el trabajo se está apoderando de mi vida y empiezo a preocuparme de que esté afectando mis relaciones con mi querida familia.",Estrés (DASS-21),Moderado
337,"Hola , últimamente me he sentido muy avergonzado por mis relaciones personales. Siempre he tenido altas expectativas y cuando no se cumplen, me siento decepcionado y deprimido.",General / Apoyo Emocional,Bajo
338,"Hola , espero que estés bien. Últimamente me he sentido un poco decepcionado y creo que está relacionado con una ruptura por la que pasé recientemente. Ha sido duro, ¿sabes? Nunca esperé que esto terminara y ahora me siento perdida e insegura de mí misma. Me di cuenta de que me había vuelto demasiado dependiente de mi ex para mi felicidad, y ahora que se han ido, siento que falta una parte de mí.",General / Apoyo Emocional,Bajo
339,Ni siquiera puedo empezar a describir lo disgustada que estoy con mi novio en este momento. Es simplemente inimaginable.,General / Apoyo Emocional,Bajo
340,"¡Hola, ! Espero que estés bien hoy. Quería hablar sobre algo que ha estado en mi mente últimamente. Se trata del dolor y de cómo me está afectando. Verás, hace unos meses perdí a mi abuela y ha sido muy difícil para mí procesarlo. He estado sintiendo una mezcla de emociones, pero tengo la esperanza de que la terapia pueda ayudarme a superar este momento difícil.",General / Apoyo Emocional,Bajo
341,"Hola, . Últimamente me he sentido un poco preocupado. Creo que podría estar lidiando con algún trauma pasado.",Ansiedad (DASS-21),Moderado
342,"Hola , me siento muy molesto en este momento y no sé qué hacer al respecto. Llevo un tiempo sintiéndome así y es por él. Simplemente ya no sé cómo manejarlo.",General / Apoyo Emocional,Bajo
343,"Últimamente he sentido mucho miedo, especialmente cuando se trata de mi novio.",Ansiedad (DASS-21),Moderado
344,"Hola , espero que estés bien. Últimamente me he sentido muy distraída y aislada. Parece que no puedo deshacerme de este sentimiento. Es como si estuviera perdiendo el contacto con mis amigos y eso estuviera causando conflictos. ¿Tiene alguna idea o consejo sobre cómo puedo manejar mejor esta situación?",General / Apoyo Emocional,Bajo
345,"Ha sido muy doloroso para mí últimamente, . He estado sintiendo mucha presión en mis amistades y está empezando a pasarme factura.",Estrés (DASS-21),Moderado
346,"Estoy muy triste, . Siento que mis amistades se están desmoronando y estoy al borde de romper con mis amigos.",General / Apoyo Emocional,Bajo
347,No sé por dónde empezar... Me siento completamente abrumada. Parece que no puedo hacer frente a la cantidad de estrés relacionado con el trabajo que se me ha ido acumulando. Está consumiendo todos mis pensamientos y temo que se esté convirtiendo en una especie de adicción. No puedo escapar de ello.,Estrés (DASS-21),Moderado
348,"Me siento tan avergonzado, . Últimamente ha habido muchos conflictos familiares y no he podido hacer nada al respecto. Pero lo prometo, quiero encontrar una solución.",General / Apoyo Emocional,Bajo
349,"Solía ​​ser muy feliz, pero ahora estoy lidiando con muchos abusos como mis amigos. Ha sido muy duro para mí.",General / Apoyo Emocional,Bajo
350,"Me siento muy arrepentido, . He estado luchando con mi ansiedad y siento que está obstaculizando mi éxito en la vida.",Ansiedad (DASS-21),Moderado
351,"Últimamente he sentido una profunda sensación de paz, pero viene con un matiz de aislamiento.",General / Apoyo Emocional,Bajo
352,"Me siento muy confundida últimamente, . Es como si me estuviera ahogando en el estrés relacionado con el trabajo y estuviera sacando a relucir todos estos sentimientos no resueltos relacionados con mi infancia.",Estrés (DASS-21),Moderado
353,Estoy decepcionado por mi matrimonio.,General / Apoyo Emocional,Bajo
354,"Hola , espero que te encuentres bien. Me siento bastante conmocionado y abrumado en este momento y realmente necesito alguien con quien hablar. Verá, mi prometida y yo hemos estado enfrentando estrés relacionado con el trabajo últimamente, y nos ha estado pasando factura a ambos. No estoy seguro de cómo manejarlo y está afectando nuestra relación. ¿Puede usted ayudar?",Estrés (DASS-21),Crítico
355,"Últimamente ha sido un viaje muy doloroso, . No puedo evitar sentirme abrumado por esta constante sensación de dolor que se cierne sobre mí. Es como una nube oscura que me sigue a todas partes, apagando cualquier rayo de esperanza o felicidad.",Estrés (DASS-21),Moderado
356,"Hola , hoy me siento aliviado. Ha sido una semana dura, pero finalmente logré completar un proyecto en el que he estado trabajando durante un tiempo. Definitivamente ha aumentado mi autoestima.",General / Apoyo Emocional,Bajo
357,No puedo explicar lo aliviado que me siento de estar finalmente aquí. Llevo demasiado tiempo cargando con este peso. Necesito ayuda con mi adicción al abuso de sustancias.,Estrés (DASS-21),Moderado
358,Simplemente ya no sé qué hacer. Me siento completamente abrumado por todo lo que ha estado pasando. Mi angustia me está consumiendo y no veo ninguna manera de que las cosas cambien alguna vez.,Estrés (DASS-21),Moderado
359,"Hola , espero que te encuentres bien hoy. Debo decir que me da un poco de vergüenza sacar a relucir este tema, pero realmente necesito a alguien con quien hablar sobre mi reciente ruptura. Ha estado en mi mente constantemente y no puedo deshacerme de las emociones asociadas a ello.",General / Apoyo Emocional,Bajo
360,"Me siento abrumado, . Acabo de pasar por una ruptura y no sé cómo manejarla. Ha sido muy difícil para mí y sólo necesito alguien con quien hablar.",Estrés (DASS-21),Moderado
361,"Hola , espero que te encuentres bien. Quería hablar con alguien sobre algo que me ha estado molestando últimamente. Me he sentido muy molesto y creo que se debe a algún trauma pasado que no he superado por completo.",General / Apoyo Emocional,Bajo
362,"Me he sentido muy deprimido últimamente, . Hay algo que me ha estado molestando desde hace un tiempo y parece que no puedo quitármelo de encima. Tengo miedo... miedo del pasado. Los recuerdos del acoso me siguen atormentando.",Ansiedad (DASS-21),Moderado
363,"Me siento tan perdida, . No sé cómo afrontar este dolor abrumador que estoy experimentando. Es como si hubiera perdido una parte de mí junto con la persona que amaba. Este vacío me asfixia y es difícil siquiera imaginar una vida sin ellos.",Estrés (DASS-21),Moderado
364,"Me siento muy culpable por mi paternidad, . Últimamente ha sido abrumador y no sé cómo afrontarlo.",Estrés (DASS-21),Moderado
365,Me sorprende que nunca apareció. Pensé que ya estaría aquí.,General / Apoyo Emocional,Bajo
366,"Hola , espero que te encuentres bien hoy. Quería comunicarme con usted porque últimamente me he sentido frustrado y con un poco de pánico. Verás, recientemente pasé por una ruptura y ha sido difícil procesar todo.",Ansiedad (DASS-21),Moderado
367,"Hola , espero que estés bien hoy. Quería hablar sobre algo que ha estado en mi mente últimamente. Sabes, he notado que cada vez que mi novio y yo tenemos desacuerdos, tiendo a ponerme un poco a la defensiva. Es como si mi reacción inmediata fuera poner un escudo, incluso si él solo está tratando de comunicar sus sentimientos. ¿Por qué crees que hago eso?",General / Apoyo Emocional,Bajo
368,"La paz parece muy lejana en este momento. Es difícil imaginar una vida sin ella. He estado tratando de superar esta ruptura, pero parece imposible. ¿Puedes ayudarme, ?",General / Apoyo Emocional,Bajo
369,"Hola , espero que estés bien. Últimamente me he sentido bastante distraído y parece que no puedo deshacerme de esta corriente subyacente de dolor que he estado experimentando. Ha estado afectando mi bienestar general y no estoy seguro de cómo superarlo.",General / Apoyo Emocional,Bajo
370,"¡Hola, ! Espero que estés bien hoy. Sólo quería hablar sobre algo que me ronda por la cabeza últimamente: la depresión. Creo que la comunicación amorosa realmente puede ayudar a gestionarla.",Estrés (DASS-21),Moderado
371,"Últimamente he sentido una abrumadora sensación de paz, pero también hay una presión creciente dentro de mí. Es como si quisiera explorar algo nuevo y emocionante, pero no sé por dónde empezar.",Estrés (DASS-21),Crítico
372,"Hola , últimamente me siento frustrado y lleno de inseguridad. Tengo el sueño de lograr algo grande, algo que se siente como un verdadero logro, pero no estoy seguro de cómo llegar allí. ¿Me puedes ayudar?",General / Apoyo Emocional,Bajo
373,"Hola , últimamente me he sentido un poco molesto y tengo algunas críticas hacia mí mismo. Me he dado cuenta de que no tengo pasatiempos ni actividades que me traigan alegría. Me ha estado molestando y quiero cambiar eso.",General / Apoyo Emocional,Bajo
374,"Hola , espero que te encuentres bien. Últimamente he sentido miedo y una sensación de aislamiento. Es como si hubiera una inquietud constante que me sigue a dondequiera que vaya.",Ansiedad (DASS-21),Moderado
375,Me siento celoso y quiero cambiar.,General / Apoyo Emocional,Bajo
376,Me siento tan sola. No puedo deshacerme de este sentimiento y me está agobiando. Necesito ayuda y no sé a quién acudir. Siento que me estoy ahogando en un mar de aislamiento.,General / Apoyo Emocional,Bajo
377,"Me he sentido muy deprimido últimamente. Es como esta nube pesada que parece no levantarse nunca. Pero a pesar de eso, todavía tengo algunas metas que quiero alcanzar.",General / Apoyo Emocional,Bajo
378,"No puedo evitar sentirme culpable, . Siempre me he sentido un fracaso, como si nunca pudiera estar a la altura de las expectativas de nadie, incluidas las mías.",General / Apoyo Emocional,Bajo
379,"Hola , espero que te encuentres bien hoy. Quería hablar con alguien sobre este sentimiento abrumador de angustia que he estado experimentando. Realmente me pesa y es difícil encontrar la paz en medio del miedo a seguir adelante.",Estrés (DASS-21),Moderado
380,"Estoy tan agotada, . Se siente como si todo mi mundo se estuviera desmoronando. Recientemente pasé por una ruptura y eso me ha pasado factura a mi salud.",General / Apoyo Emocional,Bajo
381,"Hola , espero que te encuentres bien. Últimamente me siento absolutamente agotada y creo que me estoy descuidando mucho. Ha sido difícil encontrar la energía y la motivación para ocuparme de mis propias necesidades. ¿Puedes ayudarme a descubrir por qué?",General / Apoyo Emocional,Bajo
382,"Me siento muy confundido ahora mismo, . Recientemente pasé por una ruptura y no sé cómo procesar todas estas emociones. Me resulta difícil dejar de lado la dependencia que tenía de mi pareja.",General / Apoyo Emocional,Bajo
383,"¡No lo puedo creer, ! ¡Estoy más que aliviado! ¡Mi novia y yo acabamos de romper!",General / Apoyo Emocional,Bajo
384,"Hola , últimamente me siento muy deprimido, como si estuviera constantemente deprimido. Sé que algo necesita cambiar en mi vida, pero no sé por dónde empezar.",General / Apoyo Emocional,Bajo
385,"¡Estoy tan emocionada de tener esta sesión de terapia contigo, ! Últimamente me he sentido avergonzado por un conflicto que he tenido con uno de mis amigos. Él simplemente tiene esta manera de presionar mis botones, ¿sabes?",Estrés (DASS-21),Moderado
386,"Hola , me he sentido un poco mal últimamente y no puedo deshacerme de este sentimiento de negligencia hacia mis amigos. Me ha estado molestando mucho y no estoy seguro de cómo manejarlo.",General / Apoyo Emocional,Bajo
387,Me siento muy avergonzado por algo que pasó hoy en el trabajo.,General / Apoyo Emocional,Bajo
388,"Hola, . Me he sentido muy deprimido últimamente. Mi autoestima es prácticamente inexistente. Solía ​​​​tener confianza, pero ahora dudo de mí mismo en casi todos los aspectos de la vida. Es como si mi confianza en mí mismo se hubiera desvanecido en el aire. Tenía grandes expectativas para mí, pero siento que ya no puedo cumplir con ninguna de ellas.",General / Apoyo Emocional,Bajo
389,"¡Estoy tan sorprendida, ! ¡No puedo creerlo! ¡Mi sueño finalmente se ha hecho realidad!",General / Apoyo Emocional,Bajo
390,"Hola, . Espero que lo estés haciendo bién. Quería hablar con alguien sobre los conflictos que he tenido con mis amigos. Últimamente me ha estado causando mucho estrés y afectando mi salud en general.",Estrés (DASS-21),Moderado
391,"¡Hola, ! ¡Me siento increíblemente feliz hoy, como si pudiera flotar en la nube nueve! Últimamente he estado pensando mucho en los sueños y en lo importante que es perseguirlos. Es como si tuvieran la clave de nuestros deseos más profundos y de nuestra máxima satisfacción.",General / Apoyo Emocional,Bajo
392,Me siento frustrado y no sé qué hacer.,General / Apoyo Emocional,Bajo
393,Simplemente parece que no puedo encontrar la paz dentro de mí. Es agotador. Me siento como un gran fracaso.,Burnout Estudiantil (MBI-SS),Moderado
394,"Últimamente me he sentido increíblemente enojado, . Es como este fuego ardiente en lo más profundo de mí que no desaparece. Y junto con la ira, existe una sensación abrumadora de pérdida, como si me hubieran quitado algo precioso. Ya no sé cómo afrontar estas emociones.",Estrés (DASS-21),Moderado
395,"Hola amigo. Lamento molestarte, pero realmente necesito alguien con quien hablar ahora mismo.",General / Apoyo Emocional,Bajo
396,"Me siento tan abrumada, . Parece que cada vez que me doy vuelta, hay otro problema de salud con el que lidiar. Estoy exhausto y no sé cómo seguir. Pero lo prometo, estoy tratando de mantener la esperanza.",General / Apoyo Emocional,Bajo
397,"¡Hola, ! Me siento muy ansioso por el trabajo, especialmente en lo que respecta a la comunicación. Parece que cada vez que intento expresarme o discutir mis preocupaciones con mis colegas o superiores, me siento abrumado y estresado. La presión de rendir y cumplir con las expectativas me pesa y ya no sé cómo afrontarla.",Estrés (DASS-21),Crítico
398,"Hoy me siento esperanzado, pero no puedo escapar del dolor que conlleva el conflicto familiar en curso. Ha sido una batalla constante, como una tormenta interminable de emociones. Siento que los miembros de mi propia familia me están intimidando y eso me está destrozando.",General / Apoyo Emocional,Bajo
399,"Hola , espero que estés bien hoy! Realmente necesito hablar sobre algo que me ha estado molestando últimamente. He estado luchando contra la adicción y ha causado mucha confusión en mi vida. Sólo quiero encontrar la paz y seguir adelante con este patrón destructivo.",General / Apoyo Emocional,Bajo
400,"Últimamente me siento muy desanimado, . Ha habido muchos conflictos con mis amigos y eso me está agobiando.",General / Apoyo Emocional,Bajo
401,"Me siento tan abrumada, . El trabajo se ha convertido en una fuente constante de estrés para mí y me siento un fracasado.",Estrés (DASS-21),Moderado
402,"Tengo miedo, . Últimamente el trabajo ha estado pasando factura a mi salud.",Ansiedad (DASS-21),Moderado
403,"Hola , no puedo dejar de pensar en algo doloroso relacionado con mi pasado. Es como si estuviera atrapado en este bucle interminable de abuso y no sé cómo liberarme.",General / Apoyo Emocional,Bajo
404,"Hola , espero que estés bien. Sólo quería comunicarme con usted porque últimamente me he sentido un poco celoso y todo se debe a esta reciente ruptura.",General / Apoyo Emocional,Bajo
405,Me siento muy molesto ahora mismo. Ella acaba de decirme que mis problemas de salud son más graves de lo que pensaba.,General / Apoyo Emocional,Bajo
406,"Estoy muy preocupada, . Parece que no puedo deshacerme de este abrumador sentimiento de ansiedad que me ha estado consumiendo últimamente. Es como una nube oscura que me sigue a donde quiera que vaya y no puedo escapar de ella. Prometo que he estado intentando todo lo que puedo para aliviarlo, pero cada vez es más difícil.",Estrés (DASS-21),Moderado
407,"Ha sido difícil últimamente, . Perdí a mi mejor amigo y el dolor es simplemente abrumador. No sé cómo seguir sin ellos.",Estrés (DASS-21),Moderado
408,"Me siento decepcionado, . He estado luchando contra la ansiedad, especialmente cuando se trata de ser padre. Es abrumador y está afectando mi capacidad de estar presente para mis hijos.",Estrés (DASS-21),Moderado
409,Estoy entusiasmado por comenzar un nuevo pasatiempo. Su nombre es Samantha y sugirió que intentáramos pintar juntas.,General / Apoyo Emocional,Bajo
410,"Uf, estoy tan enojado ahora mismo. Mi novia y yo tuvimos una gran pelea anoche.",General / Apoyo Emocional,Bajo
411,"Hola , espero que te encuentres bien hoy. Últimamente he estado luchando con algunos conflictos familiares y esperaba que pudieras ayudarme. Verás, siempre me han gustado las relaciones felices y saludables, especialmente cuando se trata de amistad dentro de mi familia. Pero últimamente siento que los cimientos de la amistad se han ido desmoronando, lo que me hace sentir perdida e insegura sobre cómo afrontar estos conflictos.",General / Apoyo Emocional,Bajo
412,"Hola , últimamente me siento muy preocupado y deprimido. Parece que no puedo deshacerme de este sentimiento de tristeza y está afectando mi vida diaria. Además, mi pareja y yo estamos pasando por un momento realmente difícil y temo que eso pueda terminar en divorcio.",Ansiedad (DASS-21),Moderado
413,"Me he sentido muy abrumada últimamente, . El estrés es demasiado difícil de manejar.",Estrés (DASS-21),Moderado
414,"Tengo esperanzas en mi futuro, pero no puedo evitar sentirme increíblemente tenso en lo que respecta a mi carrera. Ha sido una fuente de ansiedad constante para mí y necesito orientación.",Ansiedad (DASS-21),Moderado
415,"Hola , espero que te encuentres bien hoy. Quería hablar de algo que me ha estado molestando últimamente. He notado que tiendo a ponerme a la defensiva con bastante facilidad, especialmente cuando se trata de recibir críticas de otros. Es algo en lo que realmente quiero trabajar porque creo que me está frenando el crecimiento personal y las relaciones positivas. ¿Puedes ayudarme a entender por qué reacciono de esta manera?",General / Apoyo Emocional,Bajo
416,"Me siento frustrado y estancado, . Últimamente he estado lidiando con una decisión difícil y le ha pasado factura a mi corazón.",General / Apoyo Emocional,Bajo
417,"Me siento tan perdida, . Mi vida se ha convertido en un ciclo interminable de decepciones y expectativas destrozadas.",General / Apoyo Emocional,Bajo
418,¡Oye ! Realmente necesito hablar sobre algo que me ha estado molestando. Últimamente me he sentido enojado y me resulta difícil tomar decisiones.,General / Apoyo Emocional,Bajo
419,"Me siento tan perdida, . Ya no sé qué hacer. He estado luchando con mis problemas de salud y parece que no puedo encontrar una salida. Siento que me he perdido en esta batalla.",General / Apoyo Emocional,Bajo
420,Estoy decepcionado con ella.,General / Apoyo Emocional,Bajo
421,"He estado muy estresada últimamente, . Mi nuevo compañero de trabajo realmente me está afectando. No sé cómo manejarlo.",Estrés (DASS-21),Moderado
422,Me sorprende  y siento una profunda sensación de traición.,General / Apoyo Emocional,Bajo
423,"Estoy en shock, . Realmente soy. Nunca pensé que me encontraría en esta situación. No sé qué hacer ni cómo manejarlo. Me siento tan perdido.",General / Apoyo Emocional,Bajo
424,Me siento muy arrepentido y abrumado por este constante sentimiento de rechazo. Es como si nunca pudiera tomar un descanso y eso me agobia.,Estrés (DASS-21),Moderado
425,Últimamente me siento muy asustado y aislado. Mis problemas de salud me han estado agobiando y ha sido difícil encontrar apoyo.,Ansiedad (DASS-21),Moderado
426,"No sé por dónde empezar, . Me siento tan agotado todo el tiempo. Es como si no importara cuánto duermo, me despierto sintiéndome agotado.",Burnout Estudiantil (MBI-SS),Moderado
427,"Me siento tan agotado hoy, . Ha sido una semana difícil en el trabajo y no puedo deshacerme de esta sensación de tensión constante. Mi trabajo se está volviendo abrumador.",Estrés (DASS-21),Moderado
428,"Hola , últimamente me he sentido muy decepcionado conmigo mismo. Es como si no pudiera confiar en mí mismo para manejar ni siquiera las tareas más simples. La ansiedad sigue devorándome.",Ansiedad (DASS-21),Moderado
429,Me he sentido muy estresada últimamente. Es como un peso sobre mis hombros del que parece que no puedo quitarme de encima. También he experimentado una pérdida importante en mi vida recientemente.,Estrés (DASS-21),Moderado
430,"Estoy tan cansada, . El constante conflicto familiar me está agotando. Siento que tengo que tomar una decisión difícil, pero no sé por dónde empezar.",General / Apoyo Emocional,Bajo
431,"Me siento muy feliz hoy, . Hay un sentimiento de amor dentro de mí y no puedo evitar sonreír. He estado pensando mucho en él, mi pareja y en la suerte que tengo de tenerlo en mi vida.",General / Apoyo Emocional,Bajo
432,"Me he sentido muy distraído últimamente y parece que no puedo encontrar ningún éxito en mi vida. Es como si estuviera constantemente dando vueltas en círculos, sin lograr ningún progreso.",General / Apoyo Emocional,Bajo
433,"Hola, . Espero que estés bien hoy. Últimamente me he sentido muy ansioso, especialmente cuando se trata de mi novia.",General / Apoyo Emocional,Bajo
434,"Hola , espero que puedas ayudarme. Tengo mucho miedo y está empezando a afectar mi vida diaria. Mi familia lo ha notado y también están preocupados por mí.",Ansiedad (DASS-21),Crítico
435,"Me he sentido deprimido últimamente, amigo. Es como si estuviera constantemente luchando contra este sentimiento de rechazo.",General / Apoyo Emocional,Bajo
436,"Hola , espero que te encuentres bien. Debo admitir que me da un poco de vergüenza hablar de esto, pero creo que es hora de abordar el trauma que llevo conmigo.",General / Apoyo Emocional,Bajo
437,"Sólo quiero que las cosas vuelvan a ser pacíficas, pero él parece siempre encontrar una manera de crear conflicto.",General / Apoyo Emocional,Bajo
438,"Me siento muy preocupado, . Hay un conflicto constante dentro de mí del que parece que no puedo escapar. Está consumiendo mis pensamientos y agotando cualquier gramo de alegría en mi vida. Sé que tengo una adicción y me está destrozando.",Ansiedad (DASS-21),Moderado
439,"Hola , me siento muy enojado y últimamente ha habido muchos conflictos en mis relaciones personales.",General / Apoyo Emocional,Bajo
440,"No puedo evitar sentirme culpable cada vez que encuentro éxito en la vida. Es como si el peso de mi ansiedad magnificara cada logro, haciéndolo sentir insignificante.",Ansiedad (DASS-21),Moderado
441,"Hola , hoy me sorprendió mucho en el trabajo. Enfrenté mucho rechazo y me ha estado agobiando.",General / Apoyo Emocional,Bajo
442,"Me siento nervioso por el estado de mis relaciones personales, especialmente con mi esposa.",Ansiedad (DASS-21),Moderado
443,"Tengo mucho miedo, . Asustado por mi capacidad de ser un buen padre. Esta depresión me hace muy difícil estar presente y comprometido con mis hijos.",Ansiedad (DASS-21),Crítico
444,"Últimamente tengo mucho miedo, . Es como si esta pesada nube de tristeza acabara de envolverme y no sé cómo escapar de ella. No puedo evitar pensar que estos sentimientos tienen algo que ver con mi infancia.",Ansiedad (DASS-21),Moderado
445,Hola amigo. Yo... realmente necesito hablar. Ya no sé qué hacer. La tensión en mi familia es insoportable. Siento que me estoy asfixiando.,Ansiedad (DASS-21),Moderado
446,"Hola , espero que estés bien. Sólo necesitaba alguien con quien hablar, un amigo, y lo siento si estoy entrometiendo.",General / Apoyo Emocional,Bajo
447,"Hola , necesito hablar sobre algo que me ha estado agobiando. Últimamente me he sentido muy disgustado y en pánico debido a esta angustia por la que he estado pasando.",Ansiedad (DASS-21),Moderado
448,"No puedo concentrarme, . Me siento tan distraído por esta abrumadora sensación de traición.",Estrés (DASS-21),Moderado
449,"Hola , últimamente me siento muy estresado. Ella, mi compañera de trabajo, me ha estado dando problemas en el trabajo y no sé qué hacer al respecto.",Estrés (DASS-21),Moderado
450,"Últimamente me he sentido muy a la defensiva, especialmente en lo que respecta a mi trabajo. Siento que por mucho que lo intente, nunca es suficiente. Mi autoestima ha recibido un gran golpe.",General / Apoyo Emocional,Bajo
451,"Hola , espero que te encuentres bien. Me he sentido muy confundido y he estado lidiando con algunas críticas últimamente. Simplemente no sé cómo manejar esta angustia por la que he estado pasando. Me ha estado agobiando y parece que no puedo encontrar una salida a esta confusión emocional.",General / Apoyo Emocional,Bajo
452,"Últimamente me siento muy disgustado con mi trabajo. La presión y el estrés constantes han pasado factura a mi bienestar mental. No puedo deshacerme de este sentimiento de soledad, ni siquiera cuando estoy rodeado de colegas.",Estrés (DASS-21),Crítico
453,"Hola , espero que te encuentres bien hoy. Me siento un poco deprimido y triste, pero confío en que la terapia puede ayudarme a superarlo. Mis objetivos para la terapia son comprenderme mejor a mí mismo y encontrar formas de afrontar estas emociones.",General / Apoyo Emocional,Bajo
454,"Me he sentido muy abrumada últimamente, . Es como si todo estuviera fuera de control y parece que no puedo encontrar ninguna estabilidad en mi vida.",General / Apoyo Emocional,Bajo
455,Últimamente me siento muy enojado y está empezando a pasarle factura a mi matrimonio.,General / Apoyo Emocional,Bajo
456,"Hola , últimamente me he sentido muy triste y abandonado. Es como si el estrés relacionado con el trabajo se hubiera apoderado de mi vida.",Estrés (DASS-21),Moderado
457,"Estoy tan agotada, . No sé cuánto más puedo aguantar. Siento como si cada relación personal en mi vida me estuviera deprimiendo. Me siento engañado.",General / Apoyo Emocional,Bajo
458,"Estoy experimentando emociones contradictorias en este momento. Por un lado, me siento feliz de haber tenido finalmente el coraje de poner fin a una relación tóxica. Pero, por otro lado, también tengo una sensación de aislamiento, como si hubiera perdido una parte de mí en el proceso.",General / Apoyo Emocional,Bajo
459,"Hola , me siento muy ansioso por mis relaciones personales. Últimamente, parece que cada interacción se ve empañada por una sensación de fracaso. Intento tener esperanza, pero es difícil deshacerme de este sentimiento. ¿Puedes ayudarme a entender por qué estoy luchando tanto?",General / Apoyo Emocional,Bajo
460,"Hola , espero que te encuentres bien. Últimamente me he sentido bastante nervioso, especialmente en lo que se refiere a mis relaciones personales. Ha estado pesando mucho en mi mente y me vendría bien un poco de orientación. Además, he estado lidiando con cierto estrés financiero, lo que sólo aumenta mi ansiedad. ¿Puedes ayudarme a navegar a través de esto?",Ansiedad (DASS-21),Crítico
461,"Me siento perdido, . He estado luchando con mis problemas de salud y ya no sé a quién acudir.",General / Apoyo Emocional,Bajo
462,Me siento triste y abrumado. Creo que pude haber experimentado algún trauma en mi vida.,Estrés (DASS-21),Moderado
463,"Hola , espero que te encuentres bien. Últimamente me he sentido muy estresada y creo que eso está afectando mi autoestima. También he estado pensando mucho en la conexión entre el estrés y mi confianza sexual. Ha estado pesando en mi mente y no estoy seguro de cómo abordarlo.",Estrés (DASS-21),Crítico
464,"Hola , espero que te encuentres bien. Últimamente me he sentido muy estresado y creo que tiene mucho que ver con mi familia. Sabes, a veces siento que toda la presión recae sobre mí para hacer felices a todos y cumplir sus expectativas. Siempre he soñado con tener una familia unida y comprensiva, pero no siempre ha sido así.",Estrés (DASS-21),Crítico
465,"Estoy realmente disgustada por ella. Ella parece tenerlo todo bajo control, siempre prueba nuevos pasatiempos y sobresale en ellos. Me hace sentir inadecuado y tenso.",General / Apoyo Emocional,Bajo
466,Me siento tan avergonzado y lleno de miedo. No sé por qué dejo que la ansiedad se apodere de mí de esta manera.,Ansiedad (DASS-21),Crítico
467,"Hola , espero que te encuentres bien hoy. Quería hablar con alguien sobre mi reciente ruptura. Ha estado mucho en mi mente y estoy tratando de encontrar algo de paz dentro de mí. Verás, esta ruptura me ha traído muchos recuerdos de mi infancia.",General / Apoyo Emocional,Bajo
468,Estoy muy agradecido por mi esposa. Ella ha sido mi apoyo durante este momento increíblemente difícil.,General / Apoyo Emocional,Bajo
469,"Hola , últimamente me he sentido muy ansioso, especialmente en lo que respecta a mis relaciones personales. Supongo que tengo muchos objetivos para mis relaciones, pero no estoy seguro de cómo alcanzarlos.",General / Apoyo Emocional,Bajo
470,"No sé por dónde empezar, . Es sólo que... me siento muy avergonzado cuando me miro en el espejo. Él... él siempre me hizo creer que no era lo suficientemente bueno, y ahora no puedo deshacerme de ese sentimiento.",General / Apoyo Emocional,Bajo
471,"Hola , últimamente me he sentido muy disgustado y creo que tiene mucho que ver con mis dificultades para comunicarme.",General / Apoyo Emocional,Bajo
472,"Hola . Me siento bastante esperanzado pero preocupado por un problema que ha estado plagando mi vida durante años: la adicción. He estado lidiando con el abuso de sustancias y ha pasado factura en todos los aspectos de mi vida. Pero quiero cambiar, liberarme de este ciclo y recuperar el control. Creo que la terapia puede ayudarme a superar esta adicción.",Ansiedad (DASS-21),Moderado
473,"Me siento muy sola últimamente, . Es como si hubiera una nube oscura cerniéndose sobre mí todo el tiempo. Y creo que puedo ser adicto a algo, pero no sé cómo liberarme de ello.",General / Apoyo Emocional,Bajo
474,Estoy preocupado por ella. Ella es mi mejor amiga y últimamente ha estado actuando diferente. No sé qué está pasando con ella.,Ansiedad (DASS-21),Moderado
475,Ha pasado mucho tiempo desde que sentí algún tipo de paz. Estoy consumido por esta abrumadora sensación de pérdida. Es como un peso pesado sobre mi pecho que me dificulta respirar.,Estrés (DASS-21),Moderado
476,Me siento muy avergonzado por el conflicto que estoy experimentando. Me está carcomiendo y no sé cómo manejarlo.,General / Apoyo Emocional,Bajo
477,Me siento perdido cuando se trata de relaciones personales. Es como si no pudiera encontrar el camino hacia el éxito en el amor y la amistad.,General / Apoyo Emocional,Bajo
478,"Estoy lidiando con una ruptura realmente difícil en este momento y simplemente no sé cómo manejar todas estas emociones. Me ha dejado muy celoso y herido. Y, para ser honesto, también hubo algo de acoso.",General / Apoyo Emocional,Bajo
479,"Me siento arrepentido, . Lamento haberme permitido volverme tan dependiente de los demás para mi autoestima. Siento como si me hubiera perdido en el proceso.",General / Apoyo Emocional,Bajo
480,"Últimamente me he sentido muy celoso, . Me ha estado carcomiendo y quiero cambiar este patrón en mis relaciones personales.",General / Apoyo Emocional,Bajo
481,"Hola , espero que te encuentres bien. Últimamente me siento muy feliz, pero he tenido algunas preocupaciones sobre mis finanzas.",General / Apoyo Emocional,Bajo
482,"Últimamente me siento muy avergonzado, . Es como un peso tan pesado que parece que no puedo quitarme de encima. También está afectando mi amistad con los demás.",General / Apoyo Emocional,Bajo
483,"Ha sido muy doloroso últimamente, . He estado lidiando con mucho dolor y está afectando todos los aspectos de mi vida, incluida mi carrera.",General / Apoyo Emocional,Bajo
484,Estoy emocionado de tener finalmente esta sesión de terapia. Me he sentido abandonado desde mi ruptura y sólo necesito alguien con quien hablar.,General / Apoyo Emocional,Bajo
485,"Hola , espero que estés bien. Últimamente me he sentido muy a la defensiva, como si estuviera constantemente en guardia, lista para protegerme ante cualquier daño potencial. Ha sido un momento muy difícil para mí, lidiar con este divorcio.",General / Apoyo Emocional,Bajo
486,"Me siento muy sola últimamente, . Mi marido y yo nos hemos ido distanciando y eso está empezando a pasar factura a mi salud.",General / Apoyo Emocional,Bajo
487,"Me temo que. No sé por qué, pero siento este miedo constante dentro de mí. Es como una nube oscura que me sigue a todas partes.",Ansiedad (DASS-21),Moderado
488,"Me siento muy desanimado, . Mis sueños de un futuro junto a mi pareja se han hecho añicos. Recientemente pasamos por una ruptura dolorosa y estoy luchando por encontrar esperanza.",General / Apoyo Emocional,Bajo
489,No puedo evitar sentirme celoso y acosado cuando veo a otros viviendo sus sueños. Es como un recordatorio constante de que aún no he logrado el mío.,General / Apoyo Emocional,Bajo
490,Últimamente me he sentido muy culpable por mis relaciones pasadas. Es como un peso pesado en mi pecho del que no puedo quitarme de encima.,General / Apoyo Emocional,Bajo
491,"Solía ​​ser feliz, pero ahora estoy en constante conflicto con mi familia.",General / Apoyo Emocional,Bajo
492,"Me siento muy triste últimamente, . No puedo evitar sentirme abrumado por esta constante sensación de ansiedad. Es como una nube oscura que me sigue a todas partes.",Estrés (DASS-21),Moderado
493,"Hola, . Espero que estés bien. Me siento muy ansioso hoy y hay algo que me ha estado molestando desde hace un tiempo. Se trata de mi autoestima. Es doloroso admitir esto, pero lamento decir que mi autoestima es bastante baja.",General / Apoyo Emocional,Bajo
494,"Me siento muy avergonzado por mi relación, . Últimamente ha sido una montaña rusa y no sé qué hacer.",General / Apoyo Emocional,Bajo
495,"¡Estoy tan aliviado, ! Mi novia ha sido un gran apoyo para mí.",General / Apoyo Emocional,Bajo
496,Tengo miedo... miedo de que mi autoestima nunca mejore.,Ansiedad (DASS-21),Moderado
497,"Hola , espero que estés teniendo un buen día. Sólo quería hablar sobre algunos problemas de salud que me han estado causando estrés últimamente. Me he sentido confundido acerca de ciertos síntomas que he estado experimentando y eso me ha estado agobiando mucho.",Estrés (DASS-21),Moderado
498,"Hola , últimamente me he sentido muy triste y parece que no puedo controlar mis emociones. Es como si mi corazón se hubiera hecho añicos en un millón de pedazos y no sé cómo volver a unirlo.",General / Apoyo Emocional,Bajo
499,"Hola , espero que te encuentres bien hoy. Quería hablar de algo que ha estado ocupando mi mente últimamente y es el final de una relación que tuve. Fue una ruptura bastante intensa y cargada de emociones, y no puedo evitar sentirme emocionado de poder finalmente hablar de esto contigo.",Estrés (DASS-21),Moderado
500,"Hola , últimamente me siento muy confundida y sexual. Es como si tuviera todos estos sueños y deseos que burbujean dentro de mí, pero no estoy seguro de cómo navegarlos.",General / Apoyo Emocional,Bajo
501,"Hola , espero que te encuentres bien. Quería hablar con alguien sobre algo que me ha resultado muy doloroso últimamente y que tiene que ver con el estrés laboral. Ha sido abrumador y está empezando a afectar mi vida personal también.",Estrés (DASS-21),Crítico
502,Me siento tan agotada y abrumada. Es como si estuviera constantemente al borde del pánico.,Ansiedad (DASS-21),Moderado
503,Me he sentido muy sola últimamente. Es como un dolor constante en mi pecho del que no puedo librarme. Simplemente no puedo evitar sentirme como un fracaso.,General / Apoyo Emocional,Bajo
504,Últimamente me siento muy asustado y lleno de pena. Parece que todo a mi alrededor se está desmoronando y ya no sé cómo afrontarlo.,Ansiedad (DASS-21),Moderado
505,Últimamente me siento muy triste y bajo mucha presión. Ha sido muy difícil lidiar con los conflictos con mis amigos.,Estrés (DASS-21),Moderado
506,"Hola , espero que te encuentres bien. Realmente necesito alguien con quien hablar ahora mismo. Recientemente pasé por una ruptura difícil y me pesa mucho en la mente. Mi ex y yo estuvimos juntos durante años y ha sido difícil vivir la vida sin ellos. Además de eso, también estoy lidiando con cierta tensión financiera. Se siente como si todo se estuviera desmoronando.",General / Apoyo Emocional,Bajo
507,Simplemente no sé qué ha estado pasando últimamente. Me siento tan disgustada conmigo misma y como si estuviera perdiendo el control.,General / Apoyo Emocional,Bajo
508,Parece que no puedo concentrarme en nada. Estoy constantemente distraído y eso me hace sentir como un fracaso.,General / Apoyo Emocional,Bajo
509,"Estoy tan enojado y lleno de críticas. Han pasado meses, pero todavía no puedo superar este desamor. Siento que nunca sanaré.",General / Apoyo Emocional,Bajo
510,"Hola , espero que te encuentres bien. He estado luchando mucho últimamente y pensé que sería útil tener a alguien con quien hablar. Me he sentido muy deprimido, como si una nube oscura se cerniera constantemente sobre mí. Es difícil encontrar paz en mi vida y creo que tiene que ver con algún trauma no resuelto que he estado cargando durante años.",Estrés (DASS-21),Moderado
511,"Nunca pensé que diría esto, pero estoy seguro de que mi sueño se hará realidad. Es una sensación extraña haber pasado por tanta traición en el pasado.",General / Apoyo Emocional,Bajo
512,"Hola , espero que te encuentres bien hoy. Me he sentido un poco deprimido últimamente y realmente me vendría bien un poco de paz. Siento como si hubiera una tormenta constante dentro de mí, lo que hace que sea más difícil encontrar la serenidad. Quiero encontrar una manera de calmar mi mente y devolver algo de alegría a mi vida.",General / Apoyo Emocional,Bajo
513,"Hola , espero que te encuentres bien. Últimamente me he sentido muy nervioso y no estoy seguro de qué hacer al respecto. Verás, me casaré pronto y eso me traerá todas estas emociones que no esperaba.",Ansiedad (DASS-21),Moderado
514,Me siento tan disgustada y engañada en este momento. Mi expareja traicionó mi confianza y ha sido difícil sobrellevar el dolor.,General / Apoyo Emocional,Bajo
515,"¡Hola, ! Espero que estés bien hoy. Quería hablar sobre algo que ha estado en mi mente últimamente. Recientemente descubrí un nuevo pasatiempo y me hizo sentir muy segura y feliz. Hacía mucho tiempo que no sentía tanto entusiasmo por algo fuera de mi trabajo.",General / Apoyo Emocional,Bajo
516,Estoy muy enojado. Siento que ya no tengo control sobre mi vida.,General / Apoyo Emocional,Bajo
517,Me siento realmente decepcionado y engañado en este momento.,General / Apoyo Emocional,Bajo
518,"Hola , es un placer conocerte. Últimamente he estado luchando con mi autoestima y realmente necesito a alguien en quien pueda confiar, alguien que pueda ser un amigo para mí.",General / Apoyo Emocional,Bajo
519,"¡Hola, ! Espero que este mensaje te encuentre bien. Estoy muy emocionado de comunicarme con usted hoy porque he sentido esta increíble sensación de esperanza a pesar de experimentar una profunda sensación de aislamiento. Es como si estas emociones en conflicto estuvieran en una batalla constante dentro de mí.",General / Apoyo Emocional,Bajo
520,"Me siento tan perdida ahora mismo, . Es como si no pudiera encontrar la salida de este agujero oscuro en el que he caído. Todo comenzó cuando mi madre falleció y recurrí a la adicción como una forma de adormecer el dolor.",General / Apoyo Emocional,Bajo
521,"Hola , tengo que decir que estoy bastante sorprendido por cuántos cambios he estado experimentando últimamente.",General / Apoyo Emocional,Bajo
522,"Hola , espero que estés bien. Me he sentido muy ansioso últimamente y eso ha estado afectando mis sueños. Solía ​​​​tener grandes sueños y aspiraciones, pero ahora siento que la ansiedad se ha apoderado de mí.",Ansiedad (DASS-21),Moderado
523,"Me he sentido muy deprimido últimamente, . No sé cómo expresarlo, pero estoy abrumado por esta sensación de tristeza. Me siento muy avergonzado de mí mismo y se está volviendo difícil de manejar.",Estrés (DASS-21),Moderado
524,Me he sentido triste últimamente. Ha sido muy difícil superar esta ruptura.,General / Apoyo Emocional,Bajo
525,"Estoy agradecido de haber decidido finalmente buscar ayuda para mi adicción, pero no puedo deshacerme de esta inmensa presión que siento.",Estrés (DASS-21),Moderado
526,"Es tan doloroso, , este sentimiento que no puedo deshacerme. Es como si mis propias emociones me acosaran constantemente.",General / Apoyo Emocional,Bajo
527,"No sé por qué, pero últimamente parece que no puedo sentir ningún amor por mí mismo. Estoy muy triste y no sé cómo solucionarlo.",General / Apoyo Emocional,Bajo
528,"Últimamente me siento muy deprimido, especialmente en lo que respecta a la escuela.",General / Apoyo Emocional,Bajo
529,"Estoy realmente decepcionado, . Mi novia acaba de romper conmigo de la nada.",General / Apoyo Emocional,Bajo
530,"Hola , últimamente me he sentido muy deprimido y creo que eso está afectando mi comunicación con los demás. Simplemente parece que no puedo encontrar las palabras adecuadas para expresarme de manera efectiva.",General / Apoyo Emocional,Bajo
531,"Hola , espero que estés bien. Quería comunicarme con usted porque últimamente me he sentido muy deprimido. Es difícil expresarlo con palabras, pero este sentimiento de dolor me ha consumido. Siento que estoy atrapado en esta oscuridad, incapaz de escapar. Es como si cada día fuera una batalla y poco a poco estoy perdiendo la pelea. Pero hay algo más que también me ha estado molestando, algo que se ha convertido en una adicción. Es el único alivio temporal que puedo encontrar ante este doloroso estado.",General / Apoyo Emocional,Bajo
532,"Hola , espero que te encuentres bien. Quería hablar contigo porque me siento realmente asustada y abrumada por esta abrumadora ola de dolor que he estado experimentando últimamente. Me ha estado consumiendo y no sé cómo afrontarlo.",Estrés (DASS-21),Moderado
533,"Estoy tan agotada, . Siento que mis relaciones personales están agotando cada gramo de energía que tengo. Es como si tuviera una dependencia abrumadora de los demás y me asfixia.",Estrés (DASS-21),Moderado
534,"Hola , espero que estés bien. Pido disculpas si parezco un poco deprimido hoy, pero realmente estoy luchando con algo doloroso. Recientemente pasé por una ruptura y ha sido increíblemente difícil para mí. Sin embargo, no se trata sólo del típico dolor de cabeza que surge al terminar una relación. Hubo abuso involucrado, tanto emocional como físico, y me dejó sintiéndome destrozada y perdida.",General / Apoyo Emocional,Bajo
535,"Simplemente ya no sé qué hacer, . Me siento muy abrumado, especialmente cuando se trata de mi novia.",Estrés (DASS-21),Moderado
536,"Hola , últimamente me he sentido muy estresado, especialmente en lo que respecta a mi carrera. Simplemente ya no sé qué hacer.",Estrés (DASS-21),Moderado
537,"Hola , últimamente me he sentido muy triste y eso me está pasando factura a mi autoestima.",General / Apoyo Emocional,Bajo
538,"Hola , espero que estés bien. Tengo algo en mente por lo que me he sentido un poco avergonzado y creo que necesito hacer un cambio.",General / Apoyo Emocional,Bajo
539,Me siento muy molesto por el estrés relacionado con el trabajo. Me siento abrumado e inseguro de cómo manejarlo. Es mucha responsabilidad sobre mis hombros.,Estrés (DASS-21),Crítico
540,Me siento tan avergonzado... He estado teniendo este conflicto con un amigo mío y ha sido muy difícil de manejar. Simplemente ya no sé qué hacer con él.,General / Apoyo Emocional,Bajo
541,"Tengo mucho miedo, . La presión para hacer realidad mis sueños es abrumadora. Siento como una pesada carga sobre mis hombros y no sé si podré soportarla más.",Estrés (DASS-21),Crítico
542,"¡Hola, ! Espero que estés bien hoy. Quería hablarles sobre mis problemas de salud, pero también quería reconocer la feliz relación que tengo con mi cuerpo.",General / Apoyo Emocional,Bajo
543,Últimamente me he sentido muy enojado y aislado. Es como si llevara el peso del mundo sobre mis hombros y parece que no puedo encontrar ningún alivio.,General / Apoyo Emocional,Bajo
544,"¡Hola, ! Espero que estés bien hoy. Últimamente me he sentido bastante tranquilo, pero tengo algunas preocupaciones con respecto a mi prometida y mi ansiedad. Podemos hablar sobre eso?",Ansiedad (DASS-21),Moderado
545,¡Estoy tan felíz en este momento! Mi sueño finalmente se ha hecho realidad. Y todo es gracias al poder de la amistad.,General / Apoyo Emocional,Bajo
546,"Últimamente me he sentido muy inseguro, especialmente desde mi ruptura. Ha sido difícil para mí emocionalmente y me encuentro constantemente buscando la validación del papel de los demás. Es como si hubiera perdido una parte de mí con el fin de la relación.",General / Apoyo Emocional,Bajo
547,"Me siento tan culpable, . Culpable por todo lo que he hecho y todo lo que he descuidado.",General / Apoyo Emocional,Bajo
548,Últimamente me he sentido muy inseguro y estresado.,Estrés (DASS-21),Moderado
549,"Hola, . Espero que estés bien hoy. Últimamente me he sentido muy inseguro, especialmente cuando se trata de ella.",General / Apoyo Emocional,Bajo
550,"Hola , espero que estés bien. Me he sentido increíblemente tenso últimamente. Mi mente siempre está acelerada y eso ha estado afectando mi bienestar general. Solía ​​​​tener un estado mental pacífico, pero parece que he perdido esa calma con el tiempo. Ha sido un desafío para mí, especialmente porque la familia juega un papel muy importante en mi vida.",General / Apoyo Emocional,Bajo
551,"Estoy tan enojado conmigo mismo, . Me siento como un gran fracaso. La depresión se ha apoderado de mi vida y parece que no puedo liberarme de ella. Es como una nube oscura que me sigue a todas partes y proyecta una sombra sobre todos los aspectos de mi vida. Simplemente ya no sé qué hacer.",Estrés (DASS-21),Moderado
552,"Tengo miedo, . Miedo de lo que está pasando en mi matrimonio.",Ansiedad (DASS-21),Moderado
553,"Hola , espero que estés bien. Últimamente me he sentido muy enojado y creo que podría estar sufriendo acoso en el trabajo. Me está afectando mucho y no sé cómo manejarlo.",General / Apoyo Emocional,Bajo
554,"¡Hola, ! Estoy muy emocionado y siento estar aquí. Últimamente he estado luchando contra la depresión y ya no sé qué hacer.",Estrés (DASS-21),Moderado
555,Últimamente me he sentido infeliz y sola.,General / Apoyo Emocional,Bajo
556,"Hola , espero que te encuentres bien hoy. Quería hablar de algo que me ha estado rondando la cabeza últimamente. Me he sentido decepcionado en algunas de mis relaciones personales, particularmente en la amistad.",General / Apoyo Emocional,Bajo
557,"Hola , espero que te encuentres bien hoy. Sólo necesito desahogarme un poco. Últimamente me he sentido muy agotada, especialmente por todos los conflictos que he tenido con mis amigos. Me ha estado agobiando.",General / Apoyo Emocional,Bajo
558,"Hola , últimamente me siento muy agotado y creo que eso realmente está afectando mi salud.",Burnout Estudiantil (MBI-SS),Moderado
559,"Hola , me siento realmente aliviado de estar aquí hoy. Últimamente he estado cargando con una pesada carga de responsabilidad y realmente me vendría bien un poco de orientación.",Estrés (DASS-21),Moderado
560,¡Oye ! Estoy muy emocionado de estar aquí pero también siento una sensación de pérdida. Es una extraña mezcla de emociones.,General / Apoyo Emocional,Bajo
561,Tengo miedo. Siento que la vida me ha traicionado.,Ansiedad (DASS-21),Moderado
562,"Me he sentido muy sola últimamente, . Es como si estuviera rodeado de gente, pero todavía siento una profunda sensación de vacío en mi interior. Y todo se debe a este abrumador sentimiento de traición del que parece que no puedo deshacerme.",Estrés (DASS-21),Moderado
563,Me siento tan perdida sin mi novia. Es como si me faltara una parte de mí y no sé cómo afrontar este vacío. Me he sentido muy ansioso últimamente.,General / Apoyo Emocional,Bajo
564,"Me siento perdida, como si hubiera estado vagando sin rumbo después de pasar por una intensa angustia. Ha sido difícil para mí y no puedo deshacerme de este sentimiento de estar siendo intimidado por mis emociones.",General / Apoyo Emocional,Bajo
565,"Estoy agradecido por esta oportunidad de hablar, pero también estoy lleno de miedo. La adicción ha consumido mi vida, dejándome perdida y sin esperanza.",Ansiedad (DASS-21),Moderado
566,Me siento muy enojado por algo que pasó con mi novio.,General / Apoyo Emocional,Bajo
567,"Hola , espero que estés bien hoy! Últimamente me he sentido un poco distraída y creo que podría tener algo que ver con mi marido.",General / Apoyo Emocional,Bajo
568,"¡Oye ! Espero que lo estés haciendo bién. Me siento bastante seguro hoy, lo cual es un buen cambio. Últimamente he estado reflexionando sobre mi infancia y cómo ha influido en mis relaciones, en particular en mi reciente ruptura.",General / Apoyo Emocional,Bajo
569,"Hola , me he sentido muy estresado por esta ruptura y siento que he perdido el control de mis emociones. ¿Me puedes ayudar?",Estrés (DASS-21),Moderado
570,"Hola , espero que te encuentres bien. Quería hablar sobre algo que ha estado en mi mente últimamente. Me he sentido cansado y abrumado, y creo que es por el dolor que he estado cargando. ¡Pero también tengo algunas noticias interesantes que compartir!",Estrés (DASS-21),Crítico
571,Realmente estoy luchando contra la angustia en este momento. Ha sido un viaje difícil lleno de dolor y confusión. Todavía puedo sentir los recuerdos amorosos que compartimos y es difícil dejar de lado los sueños que tuvimos juntos.,General / Apoyo Emocional,Bajo
572,"Hola , espero que estés bien. Me siento completamente agotado, tanto física como emocionalmente. Mi corazón está roto y ya no sé cómo lidiar con eso. Ha sido un momento desafiante para mí, especialmente en lo que se refiere a mi familia.",Burnout Estudiantil (MBI-SS),Moderado
573,"Me siento muy tensa últimamente, . Es difícil encontrar momentos de paz en mi vida. Y no se trata sólo de los factores estresantes cotidianos, hay algo más profundo del que no puedo deshacerme.",Estrés (DASS-21),Moderado
574,"Hola , espero que te encuentres bien. Hay algo de lo que quería hablar. Es este sentimiento doloroso que he estado experimentando últimamente, específicamente relacionado con la amistad.",General / Apoyo Emocional,Bajo
575,"No sé por dónde empezar, . Me siento tan enojado y solo. Es como si estas emociones me consumieran y no pudiera escapar de ellas.",General / Apoyo Emocional,Bajo
576,"Hola , espero que estés bien hoy. Últimamente me he sentido muy agotado, tanto mental como físicamente. Existe este conflicto interno del que parece que no puedo deshacerme.",Burnout Estudiantil (MBI-SS),Moderado
577,"¡Hola, ! Espero que lo estés haciendo bién. Quería comenzar nuestra sesión de hoy hablando de algo que he tenido en mente últimamente: encontrar un nuevo pasatiempo. Me he dado cuenta de que para encontrar la paz interior y superar mis miedos, necesito involucrarme en algo que me brinde alegría y agregue más emoción a mi vida.",Ansiedad (DASS-21),Moderado
578,"Me siento tan perdida ahora mismo, . Ella fue el ancla de mi vida, la que hizo realidad todos mis sueños. Y ahora ella se ha ido. No sé cómo navegar este mundo sin ella.",General / Apoyo Emocional,Bajo
579,"Hola , espero que estés bien. Estoy realmente luchando en este momento y realmente me vendría bien un poco de orientación. Verás, acabo de pasar por una ruptura y ha sido muy difícil para mí. Estoy haciendo todo lo posible por mantener la paz, pero sigo cayendo en viejos patrones adictivos para adormecer el dolor. ¿Algún consejo?",General / Apoyo Emocional,Bajo
580,"Hola , me siento muy inseguro y eso me está causando mucha pena.",General / Apoyo Emocional,Bajo
581,"Me siento muy triste ahora mismo, . Es como si me hubieran destrozado el corazón y no sé cómo seguir adelante. Solía ​​sentirme muy segura y en control de mis emociones, pero esta angustia lo ha destrozado todo.",General / Apoyo Emocional,Bajo
582,"¡Estoy tan enojada, ! Mi ansiedad realmente está empezando a afectar mi carrera.",Ansiedad (DASS-21),Moderado
583,"Me he sentido muy agotada últimamente, . Es como si ya apenas pudiera encontrar la energía para hacer algo. No sé qué me pasa. Y... odio admitirlo, pero mi deseo sexual también ha sido extremadamente bajo. ¿Es esto algo que debería preocuparme?",General / Apoyo Emocional,Bajo
584,", me siento muy decepcionado ahora mismo. Recientemente tomé una decisión que pensé que me traería felicidad, pero en cambio, me ha llevado a la angustia.",General / Apoyo Emocional,Bajo
585,"¡Hola, ! Espero que lo estés haciendo bién. Últimamente me he sentido bastante distraído y abrumado con mi trabajo. Me siento como si estuviera estancado en una rutina y necesito algo nuevo y emocionante que me ayude a seguir adelante. He estado pensando en empezar un nuevo pasatiempo, pero no estoy seguro de por dónde empezar.",Estrés (DASS-21),Moderado
586,"Me siento muy arrepentido por algo, . Ella y yo solíamos ser muy cercanos, pero ahora nuestra relación se siente tensa.",General / Apoyo Emocional,Bajo
587,Me siento tan inseguro y como un fracaso.,General / Apoyo Emocional,Bajo
588,"Hola , realmente necesito hablar con alguien. Últimamente me he sentido muy molesta y no sé en quién confiar.",General / Apoyo Emocional,Bajo
589,"No sé por dónde empezar... Supongo que sólo necesito alguien con quien hablar. Recientemente pasé por una ruptura y ha sido muy difícil para mí. Me siento a la defensiva, como si todo en la relación fuera culpa mía. Hubo abuso emocional y ni siquiera me di cuenta hasta ahora. Me resulta difícil procesar todo lo que pasó.",General / Apoyo Emocional,Bajo
590,"Hola , espero que te encuentres bien. Últimamente me he sentido muy agotado, tanto física como mentalmente. Es como si tuviera un peso constante sobre mis hombros y no pudiera quitármelo de encima. También siento este abrumador sentido de responsabilidad, como si todo en mi vida dependiera únicamente de mí.",Estrés (DASS-21),Moderado
591,"Me da vergüenza hablar de esto, pero últimamente me ha estado molestando. Sabes, , somos amigos desde hace mucho tiempo y realmente estoy feliz de nuestra amistad.",General / Apoyo Emocional,Bajo
592,"¡Hola, ! Espero que estés muy bien hoy. Quería hablar con alguien sobre algo que me ronda por la cabeza últimamente. Verá, recientemente pasé por una ruptura y, aunque ha sido difícil, me siento extrañamente positivo al respecto. Supongo que hay una parte de mí que se siente aliviada y entusiasmada con las posibilidades que se avecinan. ¿Puedo contarte más sobre esto?",General / Apoyo Emocional,Bajo
593,"Hola , últimamente me siento muy infeliz. Simplemente no estoy satisfecho con mi trabajo.",General / Apoyo Emocional,Bajo
594,"Hola , espero que estés bien. Quería hablar sobre algo que me ha estado molestando últimamente. Sabes, me he sentido muy deprimido y no sé qué hacer al respecto. Es como si no pudiera escapar de esta nube de tristeza. Mi amigo sugirió que podría estar relacionado con mi relación con mi novio.",General / Apoyo Emocional,Bajo
595,"Hola , espero que estés bien. Últimamente me siento muy deprimido y no estoy seguro de cómo cambiar eso. Ha sido un mes difícil y parece que no puedo encontrar ninguna motivación o autoestima. Sé que hay cosas por las que estar agradecido, pero es difícil concentrarse en ellas cuando todo se siente tan pesado.",General / Apoyo Emocional,Bajo
596,"Hola , espero que te encuentres bien. Sólo quería comunicarme con usted porque últimamente me he sentido muy infeliz y estresada. Es como si esta nube de ansiedad se cerniera constantemente sobre mí y se estuviera volviendo abrumadora.",Estrés (DASS-21),Crítico
597,"¡Hola, ! Espero que estés bien hoy, amigo mío. He estado pensando mucho en el cambio últimamente y quería compartir algo con ustedes. Recientemente experimenté un sueño hecho realidad y ha traído mucha felicidad a mi vida.",General / Apoyo Emocional,Bajo
598,"Me he sentido muy culpable últimamente, . Recientemente pasé por una ruptura y me pesa mucho en la mente.",General / Apoyo Emocional,Bajo
599,"Me siento muy ansioso por mis relaciones personales, . Quiero tener confianza en mis interacciones con los demás, pero a menudo me encuentro en conflicto con las personas más cercanas a mí.",General / Apoyo Emocional,Bajo
600,"No sé por dónde empezar, . Me siento completamente abrumado por el estrés relacionado con el trabajo y me está llevando al límite. Además de eso, recientemente pasé por una ruptura dolorosa y eso hace que todo sea aún más difícil de manejar.",Estrés (DASS-21),Crítico
601,"He estado luchando últimamente, . Hay un conflicto con mis amigos que me pesa mucho. Está perturbando mi paz y me siento atrapado en esta adicción al conflicto.",General / Apoyo Emocional,Bajo
602,Me siento realmente decepcionado y es porque he estado lidiando con mucho abuso últimamente.,General / Apoyo Emocional,Bajo
603,"Hola , espero que te encuentres bien. He estado luchando con una ruptura reciente y ha sido difícil. Siento una profunda sensación de vergüenza e inseguridad.",General / Apoyo Emocional,Bajo
604,"Hola , espero que te encuentres bien. Me he sentido muy infeliz últimamente y creo que es porque mis expectativas se están apoderando de mí.",General / Apoyo Emocional,Bajo
605,"Hola , espero que te encuentres bien hoy. Últimamente me he sentido muy estresado, especialmente en lo que respecta al trabajo. Anhelo la paz en mi relación con el trabajo, pero parece una batalla cuesta arriba.",Estrés (DASS-21),Moderado
606,"Hola , quería hablarte de algo que me ha estado molestando últimamente. Me he sentido muy a la defensiva en el trabajo y parece que todo lo que hago es criticado. Ha estado afectando mi felicidad general y no estoy seguro de cómo manejarlo.",General / Apoyo Emocional,Bajo
607,"Hola , espero que te encuentres bien. Últimamente me he sentido increíblemente frustrado y abrumado. Es como si no importara lo que hiciera, parece que no puedo superar esta angustia. Está causando mucho dolor y se siente como un trauma del que no puedo librarme.",Estrés (DASS-21),Moderado
608,"Hola , espero que te encuentres bien. Quería hablar sobre algo que me ha estado rondando la cabeza últimamente. Me he sentido muy triste y eso ha estado afectando mi autoestima.",General / Apoyo Emocional,Bajo
609,"Estoy tan agotada, . Siento que mi carrera está pasando factura a mi salud.",General / Apoyo Emocional,Bajo
610,Me siento muy infeliz y tengo pánico por el conflicto constante dentro de mi familia.,Ansiedad (DASS-21),Moderado
611,Me siento confundido y como si estuviera siendo intimidado.,General / Apoyo Emocional,Bajo
612,"Hola , me alegro mucho de que pudiéramos hablar hoy. Sabes, te has convertido en un buen amigo para mí, alguien en quien realmente confío. Quería hablar sobre algo que me ronda por la cabeza últimamente: la paternidad. Me ha estado causando mucha ansiedad y no estoy seguro de cómo manejarlo.",Ansiedad (DASS-21),Moderado
613,"Últimamente me he sentido muy infeliz, . Parece que no puedo deshacerme de este constante sentimiento de tristeza y me agobia. He estado pensando mucho en una decisión que debo tomar con respecto a mis amigos y está causando aún más conflictos dentro de mí.",General / Apoyo Emocional,Bajo
614,"Hola , espero que te encuentres bien. Últimamente me he sentido extremadamente ansioso, especialmente después de una ruptura. Supongo que simplemente estoy luchando por encontrar la paz en mi corazón en medio de todo el caos. Mis expectativas para el futuro se han hecho añicos y no sé cómo seguir adelante.",General / Apoyo Emocional,Bajo
615,"Hola , espero que te encuentres bien hoy. Quería hablar contigo sobre algo que me ronda por la cabeza últimamente. Últimamente me he sentido un poco ansiosa y estresada y no estoy segura de por qué. Es como un peso constante sobre mis hombros del que parece que no puedo deshacerme.",Estrés (DASS-21),Moderado
616,"Es muy doloroso, . La sensación de aislamiento es asfixiante. No puedo deshacerme de esta pesadez en mi pecho.",Ansiedad (DASS-21),Moderado
617,"Me siento muy decepcionado, . Mi prometida acaba de romper conmigo y eso me está destrozando.",General / Apoyo Emocional,Bajo
618,"Hola , espero que te encuentres bien. Quería comunicarme con usted porque últimamente me he sentido muy abrumado. La escuela siempre ha sido una experiencia dolorosa para mí y últimamente sólo ha empeorado.",Estrés (DASS-21),Moderado
619,"Hola , espero que te encuentres bien. Últimamente me siento muy confundida y sola y no estoy segura de qué hacer al respecto. Creo que todo está relacionado con el estrés que estoy experimentando en el trabajo.",Estrés (DASS-21),Moderado
620,"Hola , espero que te encuentres bien. Sólo quería compartir algo contigo hoy. Me siento emocionado y triste al mismo tiempo. Verás, recientemente comencé un nuevo pasatiempo y todo fue gracias a mi novia.",General / Apoyo Emocional,Bajo
621,"Hola , últimamente me he sentido muy cansado. Es como si no importara cuánto duermo, simplemente no puedo deshacerme de este cansancio. Está empezando a afectar mi estado de ánimo y mi felicidad general.",Burnout Estudiantil (MBI-SS),Moderado
622,"Hola , espero que te encuentres bien. He estado luchando con algo por un tiempo y realmente necesito orientación. Verás, quiero ser feliz y exitoso, pero hay algo que me detiene.",General / Apoyo Emocional,Bajo
623,Me siento asustada y sola. He pasado por tanto abuso en mi vida y es difícil creer que mi sueño de un futuro mejor pueda hacerse realidad.,General / Apoyo Emocional,Bajo
624,Me siento tan frustrado y solo. Mis conflictos familiares me han estado afectando mucho últimamente. Es como si no pudiéramos pasar un día sin discutir o sentir esta tensión en el aire.,General / Apoyo Emocional,Bajo
625,"Tengo miedo, . Miedo de lo que mi esposa pueda pensar de mí.",Ansiedad (DASS-21),Moderado
626,"Hola , espero que estés bien hoy! Me he sentido muy infeliz últimamente y tomé la decisión de abordar estos problemas de salud que me han estado frenando.",General / Apoyo Emocional,Bajo
627,"Me siento tan sola y abandonada, . El trabajo ha sido abrumador últimamente y está pasando factura a mi salud mental.",Estrés (DASS-21),Moderado
628,"Hola , espero que te encuentres bien hoy. Realmente necesito alguien con quien hablar sobre algo que me ha estado molestando. Sabes, dicen que pasar por una ruptura es como perder a un amigo, y eso me está afectando mucho. El final de mi relación me hace sentir perdida y cuestionar mi capacidad para afrontar todo este asunto de la paternidad por mi cuenta.",General / Apoyo Emocional,Bajo
629,"Me he sentido muy confundida últimamente, . Ha habido tanto conflicto con mis amigos y no sé qué hacer. Dijo algunas cosas hirientes y no puedo entender por qué.",General / Apoyo Emocional,Bajo
630,"Hola , espero que te encuentres bien hoy. Siento una mezcla de emociones, pero también hay una sensación de paz que no puedo explicar del todo. Han pasado algunos meses desde que perdí a mi prometida y, aunque la extraño profundamente, también siento calma dentro de mí.",General / Apoyo Emocional,Bajo
631,"Tengo miedo, . He estado luchando con mi autoestima, especialmente cuando se trata de mi novia.",Ansiedad (DASS-21),Moderado
632,"Me siento muy arrepentido y desanimado, . Simplemente no puedo creer que me haya dejado engañar.",General / Apoyo Emocional,Bajo
633,"Hola , últimamente me he sentido muy deprimido. No puedo evitar sentirme inseguro de mí mismo y mi autoestima está en su punto más bajo.",General / Apoyo Emocional,Bajo
634,"Hola , espero que estés bien. Quería hablar con alguien sobre el estrés que he sentido en el trabajo últimamente. Me ha afectado mucho y me siento constantemente molesto por lo que está pasando. Parece que no puedo quitármelo de encima.",Estrés (DASS-21),Moderado
635,"Hola , espero que te encuentres bien. Quería hablar con alguien sobre cómo me he sentido últimamente. Verás, recientemente rompí con mi novia.",General / Apoyo Emocional,Bajo
636,"Últimamente me he sentido muy inseguro, especialmente en mi relación con mi esposa.",General / Apoyo Emocional,Bajo
637,"Últimamente me siento muy abrumada por mis problemas de salud y eso realmente está afectando mi autoestima. He estado luchando contra el dolor crónico y la fatiga, y es difícil mantener una actitud positiva cuando siento que mi cuerpo trabaja constantemente en mi contra.",Burnout Estudiantil (MBI-SS),Moderado
638,"Estoy realmente sorprendido por el estado de mis relaciones personales, . Me ha estado causando mucha tensión últimamente. Parece que no puedo encontrar el equilibrio entre mi carrera y mi vida amorosa.",General / Apoyo Emocional,Bajo
639,"Estoy sorprendido, . Ella me dejó. Nunca lo vi venir. Todo parecía estar bien, pero ahora ella se ha ido. Me siento perdida, desconsolada e insegura de qué hacer a continuación. ¿Me puedes ayudar?",General / Apoyo Emocional,Bajo
640,"No puedo creer lo disgustada que estoy conmigo misma, . He tomado una decisión, pero me está destrozando.",General / Apoyo Emocional,Bajo
641,"Últimamente me siento muy molesto, . Se trata de mi marido. Ha estado trabajando muchas horas y ya casi no pasamos tiempo juntos. Siento que nuestra conexión se está desvaneciendo y ha sido muy difícil para mí.",General / Apoyo Emocional,Bajo
642,Me siento realmente inseguro y consumido por mis propias inseguridades profundamente arraigadas. Es como si me estuvieran asfixiando y no sé cómo liberarme.,Ansiedad (DASS-21),Moderado
643,"Me siento tan abrumado. Es como si hubiera un peso constante sobre mi pecho, lo que me dificulta respirar. Mi autoestima se ha visto afectada y ya no sé cómo afrontarlo.",Estrés (DASS-21),Moderado
644,"Solía ​​tener tanta confianza en él, . Realmente creía que él era la persona que nunca me haría daño. Pero ahora siento que mi corazón se ha hecho añicos en un millón de pedazos. No sé cómo seguir adelante con este desamor.",General / Apoyo Emocional,Bajo
645,"Me siento muy decepcionado, . He estado lidiando con esta tristeza abrumadora desde hace bastante tiempo y no sé cómo cambiarla.",Estrés (DASS-21),Moderado
646,"Hola , espero que estés bien hoy. Me he sentido muy deprimido últimamente y sólo necesito alguien con quien hablar. ¿Puedes ser mi amigo y ayudarme a recuperar algo de control sobre mi vida?",General / Apoyo Emocional,Bajo
647,"Hola , espero que te encuentres bien hoy! He estado reflexionando mucho últimamente y me he dado cuenta de que necesito algo de terapia. He estado pasando por muchas angustias últimamente y me ha estado agobiando. Espero que puedas guiarme para encontrar un poco de paz y también ayudarme a navegar por mis opciones profesionales.",General / Apoyo Emocional,Bajo
648,"Me he sentido muy distraído últimamente, . Es difícil concentrarme en algo, especialmente en hacer realidad mi sueño.",General / Apoyo Emocional,Bajo
649,"No sé por dónde empezar, . Me siento tan confundida y abrumada. Existe una batalla interna constante entre mis sueños y la dura realidad de la vida. Es como si me empujaran en dos direcciones diferentes.",General / Apoyo Emocional,Bajo
650,"Me siento muy molesto por esta reciente angustia, . No es lo que esperaba en absoluto.",General / Apoyo Emocional,Bajo
651,"Hola , espero que te encuentres bien hoy. Quería comunicarme con usted porque últimamente me he sentido un poco preocupado y abrumado. Han pasado algunos meses desde mi ruptura y parece que no puedo deshacerme de esta angustia persistente. Siento que estoy atrapado en un ciclo de tristeza y está empezando a afectar mi vida diaria. Creo que podría estar experimentando algún trauma emocional relacionado con la ruptura.",Estrés (DASS-21),Moderado
652,"Hola , últimamente me siento un poco abrumado. He estado lidiando con algunos problemas de salud dolorosos y ha sido un desafío para mí encontrar la motivación para seguir adelante. Sin embargo, también estoy decidido a lograr el éxito superando estos obstáculos.",Estrés (DASS-21),Moderado
653,"No puedo evitar sentirme decepcionado cuando se trata de amistad. Es como si no importara cuánto lo intentara, simplemente no puedo encontrar conexiones genuinas con la gente.",General / Apoyo Emocional,Bajo
654,"Hola , me siento un poco molesto y creo que tiene que ver con mi dependencia de los demás.",General / Apoyo Emocional,Bajo
655,"Me he sentido muy distraído últimamente, . Es difícil concentrarme en algo sin él constantemente en mi mente.",General / Apoyo Emocional,Bajo
656,"Hola , últimamente me he sentido muy inseguro. No puedo evitar pensar en experiencias pasadas de traición en mis relaciones románticas. Ha estado afectando mi autoestima y mi capacidad para confiar en los demás. ¿Puedes ayudarme a darle sentido a estos sentimientos?",General / Apoyo Emocional,Bajo
657,"Estoy tan agotada, . Ella nunca parece entender cuánto necesito descansar.",General / Apoyo Emocional,Bajo
658,"Hola , espero que te encuentres bien. Quería hablar de algo que ha estado pesando en mi mente. Últimamente me he sentido preocupado por mi novia.",Ansiedad (DASS-21),Moderado
659,"Hola , espero que estés bien. Últimamente me siento bastante abrumado. Anhelo la paz, pero ha sido difícil encontrarla en medio de mi apretada agenda de trabajo.",Estrés (DASS-21),Moderado
660,"Hola , espero que te encuentres bien hoy. Quería hablar con alguien sobre algo que me ha estado molestando. Verás, últimamente me he sentido un poco deprimido y creo que podría estar luchando contra la depresión. Es muy difícil para mí admitirlo, pero quiero abordarlo de frente y encontrar formas de superarlo.",Estrés (DASS-21),Moderado
661,"Me siento tan perdida, . Es como si mi corazón se hubiera hecho añicos en un millón de pedazos. Tenía tantas esperanzas y promesas para el futuro, pero ahora todo lo que veo es oscuridad.",General / Apoyo Emocional,Bajo
662,Me siento tan avergonzado. He estado cargando con esta pesada carga de abuso durante demasiado tiempo. Es como una nube oscura que me sigue a todas partes.,Estrés (DASS-21),Moderado
663,"¡Hola, ! Espero que estés bien hoy. Me dirijo a ti porque últimamente he sentido mucho estrés relacionado con el trabajo y me vendría bien un poco de orientación y apoyo. Ha sido un desafío administrar todo lo que tengo en el plato y he estado luchando por mantener un equilibrio saludable entre el trabajo y la vida personal.",Estrés (DASS-21),Moderado
664,Me sorprende cuánto he descuidado mi ansiedad últimamente.,Ansiedad (DASS-21),Moderado
665,"Me siento muy cansado, . Han sido unos meses difíciles y parece que no puedo tomar un descanso. Mi carrera es un desastre y me está pasando factura emocionalmente.",Burnout Estudiantil (MBI-SS),Moderado
666,"Hola , espero que estés teniendo un buen día. Quería hablar con alguien sobre algo que me preocupa mucho. Verás, mi amigo se casó recientemente y eso me ha hecho sentir muy triste.",General / Apoyo Emocional,Bajo
667,"Tengo mucho miedo, . Siento como si hubiera perdido todo control sobre mi vida.",Ansiedad (DASS-21),Moderado
668,"No puedo creer lo sorprendida que estoy por mi nuevo pasatiempo, . Todo empezó cuando mi novio, Mark, me regaló una cámara por mi cumpleaños.",General / Apoyo Emocional,Bajo
669,"Últimamente me he sentido un poco celoso, . Es como si todos los que me rodean pareciera que están experimentando su sueño hecho realidad, mientras yo todavía estoy luchando por tomar una decisión. Me está pesando y no sé cómo superarlo.",General / Apoyo Emocional,Bajo
670,"Me siento tan perdida, . He estado luchando contra la adicción durante años y no puedo evitar sentir esta abrumadora sensación de pérdida. Es como una nube oscura que se cierne sobre mí, sofocando cualquier resquicio de esperanza que quede.",Estrés (DASS-21),Moderado
671,"Me siento tan disgustado conmigo mismo, . Siento que he experimentado una gran pérdida en mi vida y no sé cómo seguir adelante.",General / Apoyo Emocional,Bajo
672,"Hola , últimamente me siento muy inseguro después de mi ruptura.",General / Apoyo Emocional,Bajo
673,"Me siento muy tranquilo cuando estoy solo, pero cada vez que estoy con mi familia, lo único que siento es inseguridad. Es como una batalla constante dentro de mí.",General / Apoyo Emocional,Bajo
674,"Hola . Espero que este mensaje te encuentre bien. Quería comenzar expresando mi profundo agradecimiento por la amorosa guía que me ha brindado a lo largo de nuestras sesiones. Su empatía y comprensión realmente me han ayudado a superar los altibajos de la vida. Hoy me gustaría centrar nuestra conversación en cuestiones de salud, ya que es algo que he estado pensando últimamente.",General / Apoyo Emocional,Bajo
675,"Hola , no sé a quién más acudir. Me siento muy deprimido porque mi matrimonio se está desmoronando. Me siento tan perdida y desesperada en este momento.",General / Apoyo Emocional,Bajo
676,"Me siento muy triste estos días, . Últimamente ha sido un momento difícil para mí, especialmente con todo lo que está pasando en mi familia.",General / Apoyo Emocional,Bajo
677,"""Finalmente estoy empezando a sentirme aliviado, . He estado luchando con mi autoestima, especialmente en relación con mi esposa"".",General / Apoyo Emocional,Bajo
678,"¡Hola, ! Espero que lo estés haciendo bién. Últimamente he sentido una mezcla de emociones y pensé que podría ser útil hablar de ello. Sabes, no puedo quitarme este sentimiento de culpa que me ha estado pesando. Es como si hubiera una voz interior constante que me dijera que tal vez no merezco los sueños que he tenido la suerte de ver hechos realidad.",General / Apoyo Emocional,Bajo
679,"Me siento muy triste últimamente, . Es como si no pudiera escapar de esta constante sensación de vacío. Me he estado aislando y evitando comunicarme con los demás.",General / Apoyo Emocional,Bajo
680,"Hola , me siento muy ansioso y abrumado. Algo doloroso está sucediendo en mi matrimonio.",Estrés (DASS-21),Moderado
681,Me siento abrumado y lleno de inseguridad. La adicción se ha apoderado de mi vida y no sé cómo liberarme de sus garras.,Estrés (DASS-21),Moderado
682,"Me siento muy decepcionado y perdido. Ha sido una gran lucha para mí últimamente, . He estado tratando de sobrellevar esta adicción que ha destrozado a mi familia.",General / Apoyo Emocional,Bajo
683,"I'm shocked, . My work-related stress is taking a toll on my marriage. It feels like everything is falling apart.",General / Apoyo Emocional,Bajo
684,"I've been feeling overwhelmed with a sense of grief lately, . It's like my heart is heavy and I can't seem to find peace within myself.",General / Apoyo Emocional,Bajo
685,"I've been feeling so distracted lately, . It's like I can't focus on anything, especially after this recent breakup. It's been really tough.",General / Apoyo Emocional,Bajo
686,"I don't know what's wrong with me, but I just feel so numb. It's like I can't even feel anything anymore. My entire body feels heavy, like I'm carrying a weight on my shoulders. And there's this constant ache inside me that never seems to go away. I don't know if it's physical or emotional, but it's overwhelming.",General / Apoyo Emocional,Bajo
687,"Hi , I hope you're doing well. I've been feeling really lonely and stressed lately. Work is just getting to be too much for me to handle.",General / Apoyo Emocional,Bajo
688,"Hey , I've been feeling really lonely lately, and I just went through a tough breakup with one of my closest friends. It's been hard to cope with.",General / Apoyo Emocional,Bajo
689,"Hi , I hope you're doing well today. I've been feeling a bit down lately, and I wanted to talk to someone about it. I've noticed that I've been feeling quite unhappy, especially in relation to my husband.",General / Apoyo Emocional,Bajo
690,I'm really scared about this conflict with him.,General / Apoyo Emocional,Bajo
691,I've been feeling really stressed and lonely lately.,General / Apoyo Emocional,Bajo
692,"Hey , I hope you're doing okay. I've been hesitant to reach out because I feel embarrassed about my situation. But I know it's time for a change. Addiction has taken over my life, and I can't continue down this path any longer.",General / Apoyo Emocional,Bajo
693,I'm feeling overwhelmed with my personal relationships. I've realized that I've developed a strong dependence on others for my happiness and emotional well-being.,General / Apoyo Emocional,Bajo
694,"I've been feeling so distracted lately, . It's like I can't focus on anything for more than a few minutes. It's really starting to affect my daily life, and I don't know what to do about it. And on top of that, I've been feeling a lot of self-criticism.",General / Apoyo Emocional,Bajo
695,I'm feeling so lonely and filled with fear right now.,General / Apoyo Emocional,Bajo
696,"I'm feeling so regretful, . I can't seem to shake off this work-related stress that's been weighing me down. It's been affecting every aspect of my life, and I feel like I'm crumbling under the pressure. I really need some guidance to overcome this.",General / Apoyo Emocional,Bajo
697,"Hey , I hope you're doing okay. I've been struggling lately, feeling really sad and down. It's hard for me to feel confident or motivated. I used to have goals, you know? But now, everything seems so overwhelming.",General / Apoyo Emocional,Bajo
698,I feel so sad... I can't seem to escape this overwhelming feeling of emptiness. It's like a suffocating cloud that follows me everywhere I go. I don't know what to do anymore... I feel like I'm drowning in my own thoughts.,General / Apoyo Emocional,Bajo
699,I recently went through a breakup and I'm feeling angry. It's hard to let go of her.,General / Apoyo Emocional,Bajo
700,"I feel numb. Like there's this heavy weight on my chest that I can't shake off. It's been there for a while now, and I think it's related to some trauma I experienced.",General / Apoyo Emocional,Bajo
701,I'm so tired...emotionally exhausted role this deep sense of loss. It feels like my heart is being crushed under the weight of this heartbreak. I don't know how to move forward.,General / Apoyo Emocional,Bajo
702,I feel so disgusted with myself lately. I've been struggling with being a parent and it's really taking a toll on me.,General / Apoyo Emocional,Bajo
703,"I've been feeling really sad lately, and I think it's connected to my experience of parenting.",General / Apoyo Emocional,Bajo
704,"I've been wanting to talk about something that's been weighing on my mind lately. It's about trying to find a new hobby. I know it may sound like a simple thing, but for me, it's been quite painful. The fear of not finding something I enjoy and the fear of wasting my time has been holding me back.",General / Apoyo Emocional,Bajo
705,"Hi ! I'm so excited to be here. I've been reflecting on my childhood lately, and something that's been bothering me is the conflict I've had with some of my friends. Can you help me figure out how to navigate these tricky situations?",General / Apoyo Emocional,Bajo
706,"I'm relieved to finally have someone to talk to, . I've been struggling with some issues regarding my boyfriend lately.",General / Apoyo Emocional,Bajo
707,"Hi , I hope you're doing well today. I just wanted to start by saying that I feel a bit defensive about discussing my family conflict, but I'm really sorry for any negative energy that may come across in our conversation. I just want to find a way to move forward and improve things.",General / Apoyo Emocional,Bajo
708,"I feel really disgusted with my parenting skills lately. I always thought I'd be a better parent, but I constantly feel like I'm failing.",General / Apoyo Emocional,Bajo
709,"Hey , I hope you're doing okay. I just wanted to reach out because I've been feeling really embarrassed lately. It's like this heaviness is constantly weighing me down, and I can't seem to shake it off. It's really affecting my self-esteem and making it hard for me to socialize with others. The stress of feeling this way is just overwhelming.",General / Apoyo Emocional,Bajo
710,"Hi , I hope you can help me. Lately, I've been feeling really unhappy in my relationship with my boyfriend. It's been weighing on me and I don't know what to do.",General / Apoyo Emocional,Bajo
711,"Hey , I've been feeling really distracted lately. There's a lot on my mind and she's been causing my anxiety levels to skyrocket.",General / Apoyo Emocional,Bajo
712,"Hey , I'm so tired. I can barely keep my eyes open. It feels like I haven't slept in ages. I've been having these weird dreams too. They're so vivid and strange, like my mind is playing tricks on me.",General / Apoyo Emocional,Bajo
713,"I'm feeling really sad. It's been a tough week, especially with everything going on in my family.",General / Apoyo Emocional,Bajo
714,"I'm feeling so relieved, . I finally found a new job after months of searching. But my feelings of relief are also mixed with grief because I had to leave behind my previous job, which I loved so much. It's been really tough.",General / Apoyo Emocional,Bajo
715,"Hi , I hope you are doing well. I wanted to reach out because I've been feeling really jealous lately, and it's been consuming my thoughts. I never used to struggle with jealousy this much before, but recently it's become an addiction of sorts, eating away at me. I don't want to feel this way, but I can't seem to shake it off.",General / Apoyo Emocional,Bajo
716,"Hi , I've been feeling really happy lately, but there's something that's been bothering me. I can't shake off the feeling that I've cheated someone out of their happiness.",General / Apoyo Emocional,Bajo
717,"Hey ! I hope you're doing well. Lately, I've been feeling really happy and healthy. However, there's something that's been bothering me, and I thought it would be helpful to talk to you about it. You see, I've been dealing with anxiety.",General / Apoyo Emocional,Bajo
718,"It's just so painful, . This breakup has left me feeling an overwhelming sense of loneliness.",General / Apoyo Emocional,Bajo
719,"I'm feeling really ashamed, . I can't seem to find any success in my life.",General / Apoyo Emocional,Bajo
720,"Hi , I hope you're well. I've been feeling really down lately, and I think it's because of my recent breakup. I used to be so confident in myself, but now I feel like I've lost that. It's been tough for me to cope with everything.",General / Apoyo Emocional,Bajo
721,"I've been feeling really discouraged lately. I don't know what to do anymore. I used to have this loving friendship with my old hobbies, but now they don't bring me any joy.",General / Apoyo Emocional,Bajo
722,"I'm grateful for this opportunity to talk, . It's been a really tough time for me lately. My heart is shattered, and I don't know how to move on. I recently went through a painful divorce, and my wife, well, ex-wife now, was such a big part of my life. I still love her, and it feels like I'm drowning in this heartbreak.",General / Apoyo Emocional,Bajo
723,Hi . I hope you can help me. I'm feeling scared and I can't stop thinking about him. It's been a rough few days.,General / Apoyo Emocional,Bajo
724,"I am exhausted, . My marriage is in shambles and I don't know what to do anymore.",General / Apoyo Emocional,Bajo
725,I am completely shocked. My self-esteem is shattered. I never expected this breakup to happen.,General / Apoyo Emocional,Bajo
726,"I've been feeling really stressed lately, especially in regards to my career. I don't know how to manage it all.",General / Apoyo Emocional,Bajo
727,I'm so disappointed. My recent breakup feels like a weight on my heart that I can't seem to shake off.,General / Apoyo Emocional,Bajo
728,"Hi , I hope you're doing well. I wanted to talk about a conflict I've been having with some of my friends. I feel hopeful that you can help me navigate this situation. I'm also feeling sorry for the way things have unfolded.",General / Apoyo Emocional,Bajo
729,"Hi . I'm feeling really sad right now, even though I was initially excited about discussing this. I've been dealing with a lot of conflict with my friends lately, and it's been taking a toll on me. It's like a constant roller coaster of emotions, and it feels like a deep trauma that I can't escape.",General / Apoyo Emocional,Bajo
730,"Hi , I'm feeling a bit lonely and I've been dealing with rejection lately. It's been tough.",General / Apoyo Emocional,Bajo
731,"Hey , I hope you're doing well today. I wanted to chat with you because I've been feeling so excited lately. I've been experiencing a lot of positive changes in my life and it's just amazing!",General / Apoyo Emocional,Bajo
732,"I feel guilty about something, and it's about my boyfriend.",General / Apoyo Emocional,Bajo
733,"I'm feeling really unhappy lately. It seems like every time I try to make a new friendship, it just ends up falling apart.",General / Apoyo Emocional,Bajo
734,"Hey , I'm feeling really insecure right now. It's like I've lost my footing and I don't know how to move forward. But I promise myself that I'll find a way to heal and grow role this grief.",General / Apoyo Emocional,Bajo
735,"Hi , I'm feeling really afraid about my personal relationships right now. It seems like every time I try to communicate with someone close to me, things don't go well.",General / Apoyo Emocional,Bajo
736,I feel so ashamed... He always makes me feel like I'm not good enough. I don't know what to do anymore.,General / Apoyo Emocional,Bajo
737,"I'm afraid to talk about this, but I need to address the criticism I've been receiving.",General / Apoyo Emocional,Bajo
738,"Hi , I hope you're doing well. I wanted to talk to you about something that's been on my mind lately. It's about finding a new hobby. I've been feeling a bit stuck in my routine and I thought a hobby might bring some excitement into my life. What do you think?",General / Apoyo Emocional,Bajo
739,"Hey , I hope you're doing well. I wanted to talk to you about something that has been bothering me lately. I've been feeling disappointed with myself and there's this underlying sense of bullying going on in my life.",General / Apoyo Emocional,Bajo
740,"I've been feeling overwhelmed with work lately, and I'm really struggling with managing the stress. I feel like it's taking over my life, and I don't know how to handle it. I just want to find a way to feel more balanced and fulfilled. Can you help me, ?",General / Apoyo Emocional,Bajo
741,"I'm surprised, . My boyfriend has been pushing me to try a new hobby, saying it might help with my depression.",General / Apoyo Emocional,Bajo
742,"I'm feeling so depressed lately, . It's like my dreams have been shattered, and I can't seem to find any joy in life.",General / Apoyo Emocional,Bajo
743,I can't believe what just happened! I am completely shocked and in a state of panic at the moment.,General / Apoyo Emocional,Bajo
744,"I'm feeling really stressed right now, . My recent breakup has left me feeling completely overwhelmed. It's hard to know who to trust anymore.",General / Apoyo Emocional,Bajo
745,"It's been a while since we last talked, friend. I hope you're doing well. Lately, I've been feeling really discouraged about school. It's been tough, you know? The constant pressure to perform, the overwhelming workload, and the feeling of being overwhelmed. I just don't know how to keep up anymore.",General / Apoyo Emocional,Bajo
746,"I'm surprised to find myself here. This feeling of isolation has taken over my life, and I can't seem to escape it.",General / Apoyo Emocional,Bajo
747,"Hi , I hope you're doing well. I've been feeling quite anxious lately, and I can't seem to shake off this persistent feeling of rejection. It's been really overwhelming, and I'm not sure how to handle it. Can you help me?",General / Apoyo Emocional,Bajo
748,"I'm just so angry, . My relationship feels like a never-ending nightmare. I thought it would be a dream come true, you know? But the reality is far role it.",General / Apoyo Emocional,Bajo
749,"I'm feeling afraid of what might happen if I can't resolve the conflict within my family. I've always believed that success is built on a strong and supportive family foundation, but lately, it feels like our relationships are crumbling beneath us.",General / Apoyo Emocional,Bajo
750,I'm feeling really sad and overwhelmed. I recently went through a tough divorce.,General / Apoyo Emocional,Bajo
751,"It's just so hard, . I'm going through a heartbreak and I feel like I'm drowning in sadness. Loving someone and then being left behind feels like a constant cycle of emotional bullying.",General / Apoyo Emocional,Bajo
752,"I'm feeling so confused and panicked right now. It's about my family. There's been a lot of conflict lately, and it's overwhelming me. I don't know how to handle it all.",General / Apoyo Emocional,Bajo
753,"Thank you for seeing me today, . I must admit, I feel terribly embarrassed about discussing finances, but I know it's important to address my self-esteem issues.",General / Apoyo Emocional,Bajo
754,"I feel exhausted, . I've been dealing with so much conflict with my friends lately, and I don't know how to handle it anymore.",General / Apoyo Emocional,Bajo
755,"Hi , I hope you're doing well today. I've been thinking a lot about personal relationships lately, and there's something I really need to talk about. It's been on my mind for a while, and it's something that isn't peaceful at all. I've been a victim of emotional abuse in my past relationship.",General / Apoyo Emocional,Bajo
756,"Hi , I hope you're doing well today. I wanted to talk about something that's been on my mind lately. I've been feeling so happy and fulfilled because I recently found a new hobby. It has brought so much joy into my life, and I can't wait to share it with my husband.",General / Apoyo Emocional,Bajo
757,"Hey , thanks for taking the time to chat. Lately, I've been feeling pretty confident in many areas of my life, but there's one thing that's been bothering me - family conflicts. It's affecting my concentration at school, and I just can't seem to escape it. Any advice?",General / Apoyo Emocional,Bajo
758,"I'm so excited to share something with you, . I've recently discovered a new hobby, and it's been helping me cope with this overwhelming feeling of isolation.",General / Apoyo Emocional,Bajo
759,"I can't seem to find any peace in my life since the breakup. It's been months, but I still feel this tension inside me.",General / Apoyo Emocional,Bajo
760,It's so painful... I miss my mom.,General / Apoyo Emocional,Bajo
761,"Hi , I hope you're doing well. I've been struggling with some conflict with my friends lately, and I feel like I need some guidance. I want to approach this situation confidently and make a decision that will benefit everyone involved.",General / Apoyo Emocional,Bajo
762,"Hi , I hope you're doing well today. There's something on my mind that I'd like to talk about. Lately, I've been feeling confident in myself and my abilities, which is a great feeling. However, I've also been struggling with the fear of rejection. It's been holding me back role trying new things. Can you help?",General / Apoyo Emocional,Bajo
763,Hey ! I hope you're doing well today. I wanted to talk about something that's been on my mind a lot lately - my job and how it's been impacting my confidence.,General / Apoyo Emocional,Bajo
764,"Hi , I hope you're doing well. I've been feeling a bit nervous lately, especially when it comes to school.",General / Apoyo Emocional,Bajo
765,"I feel so numb, . There's something going on with me that I can't seem to shake off. It's related to my sexual health.",General / Apoyo Emocional,Bajo
766,I'm feeling so shocked and under immense pressure right now.,General / Apoyo Emocional,Bajo
767,"I can't seem to find peace within myself, . It's as if my mind is constantly cheating on me, always playing tricks and making me doubt everything.",General / Apoyo Emocional,Bajo
768,I'm feeling so confused and filled with grief. I don't know how to get through this heartbreak.,General / Apoyo Emocional,Bajo
769,"Hi , I hope you're doing well. I wanted to talk to you about something that's been weighing heavily on my heart. Lately, I've been feeling really sad and overwhelmed because of the ongoing family conflict that seems to be tearing us apart. It's affecting not just me, but everyone involved, and I feel like I need some guidance to make a difficult decision.",General / Apoyo Emocional,Bajo
770,"I've been feeling really anxious lately, especially when it comes to personal relationships. I can't seem to shake this feeling of jealousy and it's starting to impact my ability to trust others.",General / Apoyo Emocional,Bajo
771,"I've been feeling guilty lately, . It's like this heavy weight on my chest that I just can't shake off. And it's affecting my relationship with my partner.",General / Apoyo Emocional,Bajo
772,"I have been feeling angry lately, . It's as if my dreams have been crushed and I don't know how to cope with it.",General / Apoyo Emocional,Bajo
773,"I don't know where to begin, . I just feel so overwhelmed lately. It's like everything is piling up, and I can't seem to catch a break. I feel like such a failure.",General / Apoyo Emocional,Bajo
774,"I am in shock, . I recently discovered some health issues that have left me feeling incredibly vulnerable and scared. It's been a lot to process, especially considering the abuse I experienced in the past.",General / Apoyo Emocional,Bajo
775,I've been feeling so depressed lately. It's been weighing on me heavily. I feel like I have this overwhelming sense of responsibility that I can't seem to shake off.,General / Apoyo Emocional,Bajo
776,I don't know where to begin... I'm feeling incredibly regretful about my family conflict. It's tearing me apart. I can't help but blame myself. It's like I've become addicted to causing pain within my own family.,General / Apoyo Emocional,Bajo
777,"Hey , I hope you're doing well today. There's something I wanted to talk about that's been weighing on my mind. You see, when I think about my childhood, I can't help but feel guilty.",General / Apoyo Emocional,Bajo
778,"I've been feeling really confident lately, but I've also been dealing with a lot of bullying role my friends.",General / Apoyo Emocional,Bajo
779,"I feel so lost without him. I used to rely on him for validation and now that he's gone, I don't know how to find it within myself.",General / Apoyo Emocional,Bajo
780,"I've been feeling really sad lately, . There's just so much pressure weighing me down.",General / Apoyo Emocional,Bajo
781,I can't help but feel jealous of others who seem to have achieved their goals in life. It's discouraging to see everyone else moving forward while I'm stuck in this addiction.,General / Apoyo Emocional,Bajo
782,I'm worried about my dependence on others in personal relationships.,General / Apoyo Emocional,Bajo
783,"I've been feeling really defensive lately, . I constantly find myself in conflict with people around me.",General / Apoyo Emocional,Bajo
784,"I've been feeling defensive lately, . It's putting a strain on my marriage.",General / Apoyo Emocional,Bajo
785,"I've been feeling really nervous lately, especially when it comes to parenting.",General / Apoyo Emocional,Bajo
786,"I'm feeling really regretful right now, . It's all about my mom. I just can't shake this heavy weight of self-doubt and low self-esteem that I carry around with me constantly.",General / Apoyo Emocional,Bajo
787,"Hi , I hope you're doing okay. I'm really sorry to reach out like this, but I've been feeling really sad lately and I just need someone to talk to. It's hard for me to be excited about anything anymore.",General / Apoyo Emocional,Bajo
788,"I'm grateful for the opportunity to talk today. Recently, I've been reflecting on my journey in parenting. It has been a rollercoaster ride, but I'm determined to stay positive and motivated.",General / Apoyo Emocional,Bajo
789,"I'm so frustrated, . I feel like I have absolutely no control over my anxiety. It's suffocating, you know?",General / Apoyo Emocional,Bajo
790,"I'm really surprised and tense, . I've been dealing with a lot of work-related stress lately. It feels like everything is piling up and I can't keep up. And to be honest, it's making me wonder if I'm being cheated in some way.",General / Apoyo Emocional,Bajo
791,"Hello , I hope you're well. I've been going through a painful experience recently and I could really use your guidance and support. You see, my heart feels shattered, and it's all because of a heartbreak. I never imagined that love could inflict so much pain, but here I am, trying to heal and find my way back to happiness. This heartbreak has affected not only my personal life but also my career aspirations.",General / Apoyo Emocional,Bajo
792,"Hi , I'm feeling really excited but also anxious. I've been experiencing a lot of work-related stress lately, and it's really starting to take a toll on my self-esteem. I feel like I can't keep up with the demands and expectations placed on me.",General / Apoyo Emocional,Bajo
793,"I've recently picked up a new hobby, and I must confess, I feel relieved. But I can't help but constantly feel this nagging sense of self-criticism.",General / Apoyo Emocional,Bajo
794,"Hi, friend. I've been thinking a lot about my addiction lately, and I just need someone to talk to. I've tried to address it on my own, but I feel so overwhelmed.",General / Apoyo Emocional,Bajo
795,"I don't know where else to turn. I feel so exhausted, and my anxiety about my husband is overwhelming me.",General / Apoyo Emocional,Bajo
796,"Hi , I hope you're doing well. I wanted to talk about something that has been bothering me for a while. I've been feeling upset and experiencing a sense of rejection lately.",General / Apoyo Emocional,Bajo
797,"Hey , I hope you're doing well. I wanted to talk about something that has been bothering me for a while. Lately, I've been feeling really afraid and it's been eating away at my self-esteem. It all started when I discovered that my partner had been cheating on me. It's been incredibly hard for me to process and it's left me feeling like I'm not good enough.",General / Apoyo Emocional,Bajo
798,"Hey , I hope you're doing well. I'm feeling really down lately, and I could use someone to talk to. I just want peace in my life, you know? It's been a while since the breakup, but it still weighs heavily on my heart. My self-esteem has taken a serious hit, and I just can't seem to move forward.",General / Apoyo Emocional,Bajo
799,"Hey , I've been feeling a bit jealous lately, and it's really affecting me. It's about my friends and their jobs.",General / Apoyo Emocional,Bajo
800,"I've been feeling really frustrated lately, especially when it comes to my finances.",General / Apoyo Emocional,Bajo
801,"I am just so exhausted, . She hardly sleeps at night, and it's been taking a toll on both of us. I don't know what to do anymore.",General / Apoyo Emocional,Bajo
802,"I'm feeling so disgusted with myself. It's like no matter what I do, my health issues just keep piling up. I can't help but think back to my childhood and wonder if I did something wrong to deserve all of this.",General / Apoyo Emocional,Bajo
803,"I'm feeling really ashamed and neglected, . Grief has taken a hold of me and I don't know how to break free role its grasp.",General / Apoyo Emocional,Bajo
804,"I just can't find peace no matter what I do, and it's eating me up inside. He, my boss, he is driving me to the edge. The stress I feel at work is becoming unbearable.",General / Apoyo Emocional,Bajo
805,"Hi , I'm feeling hopeful today! I just got a new job and I'm excited to start this new chapter in my life.",General / Apoyo Emocional,Bajo
806,"Hey , I hope you're doing well today. I wanted to talk about something that's been on my mind lately. I've been feeling really scared about the hold addiction has on my life. It's like I'm trapped in this cycle, and I'm losing sight of who I really am. I know deep down that I have a responsibility to myself to break free role this, but it's easier said than done.",General / Apoyo Emocional,Bajo
807,"Hi , I hope you're doing well. I've been feeling pretty stressed lately and I think it's time for a change. I've come to realize that I have an addiction to shopping, and it's starting to take a toll on my happiness.",General / Apoyo Emocional,Bajo
808,"I'm really overwhelmed right now, and I'm so sorry for burdening you with my problems.",General / Apoyo Emocional,Bajo
809,"Hi , I hope you're doing well today. I've been feeling a bit anxious lately, and I could really use someone to talk to. I've been under a lot of pressure at work, and it's been affecting my overall sense of peace.",General / Apoyo Emocional,Bajo
810,"Hey , I've been feeling a bit worried lately, and I wanted to talk to someone I can trust. I content our friendship, and I know you always listen without judgment.",General / Apoyo Emocional,Bajo
811,"I'm feeling relieved to finally be here, . Lately, I've been grappling with a deep sense of dependence on someone who has left my life.",General / Apoyo Emocional,Bajo
812,"I just can't seem to find peace in my family. There's always this underlying tension that makes me feel so tense and conflicted. It's like a constant weight on my shoulders, causing so much grief inside me.",General / Apoyo Emocional,Bajo
813,"I'm feeling so worried about my parenting, . I just can't seem to shake this constant anxiety that something terrible will happen to my children. It feels overwhelming.",General / Apoyo Emocional,Bajo
814,"I feel guilty, . My addiction has affected my relationship with my wife.",General / Apoyo Emocional,Bajo
815,"I'm worried, . It feels like my self-esteem has always been low, ever since my childhood.",General / Apoyo Emocional,Bajo
816,"Hi ! I hope you're doing well today. I just can't seem to stay focused lately. I feel so distracted all the time, and it's starting to make me anxious. There's this underlying sense of fear that I can't shake off. Can you help me?",General / Apoyo Emocional,Bajo
817,I feel so scared and neglected. It's like no one sees me for who I really am.,General / Apoyo Emocional,Bajo
818,"I've been feeling numb lately, and I can't seem to shake off this heaviness. It's like I'm trapped in my own mind, unable to feel anything but emptiness. I think it might have something to do with the bullying I've experienced recently.",General / Apoyo Emocional,Bajo
819,I just feel so exhausted and isolated. It's like I'm constantly surrounded by conflict within my family.,General / Apoyo Emocional,Bajo
820,I'm really upset right now. My partner cheated on me and I feel betrayed.,General / Apoyo Emocional,Bajo
821,"I am grateful for your presence here, . I trust that you can help me navigate through the pain of this breakup.",General / Apoyo Emocional,Bajo
822,"I've been feeling really jealous lately, and it's all because of my mom.",General / Apoyo Emocional,Bajo
823,"Hi , I'm feeling worried and a sense of loss lately.",General / Apoyo Emocional,Bajo
824,"I feel so guilty all the time, and this overwhelming loneliness just consumes me.",General / Apoyo Emocional,Bajo
825,I feel relieved that I can finally trust someone enough to talk about my struggles with depression.,General / Apoyo Emocional,Bajo
826,"I'm feeling really angry and overwhelmed with work-related stress, . I promised myself that I would find a way to manage it, but it just keeps piling up.",General / Apoyo Emocional,Bajo
827,"Hey , I hope you're doing well. I wanted to talk to you about something that's been bothering me lately. I've been feeling really frustrated and starting to panic about work-related stress.",General / Apoyo Emocional,Bajo
828,"Hi , I'm feeling disappointed with my husband. He never seems to understand my anxiety and it's starting to take a toll on our relationship.",General / Apoyo Emocional,Bajo
829,"I feel so regretful about him. It's consuming my thoughts, taking up all the space in my mind.",General / Apoyo Emocional,Bajo
830,"Hi , I hope you're doing well. I'm feeling a bit confused, and I could really use some guidance with something.",General / Apoyo Emocional,Bajo
831,"Hi , I really need someone to talk to right now. I've been feeling so depressed and overwhelmed lately. It feels like everything is falling apart, and I can't shake this constant feeling of failure.",General / Apoyo Emocional,Bajo
832,"I am so exhausted, . I feel like work has been draining every ounce of energy role me lately. I don't know how to cope anymore.",General / Apoyo Emocional,Bajo
833,"Hey , I hope you can help me with something. Lately, I've been feeling really conflicted with my friends, and it's been causing me a lot of loneliness. I don't know how to handle the tension that's been building up.",General / Apoyo Emocional,Bajo
834,"I've been feeling so distracted lately, . It's like I can't focus on anything, especially him.",General / Apoyo Emocional,Bajo
835,"I've been feeling really anxious lately, . It's like I can't escape this constant fear of rejection.",General / Apoyo Emocional,Bajo
836,"I've been feeling really nervous lately, like I'm constantly on edge. It's overwhelming and I can't seem to control it.",General / Apoyo Emocional,Bajo
837,"I've been feeling really defensive lately. It's like everything I do, or even think about doing, feels like a potential attack on my self-esteem. I just can't seem to break out of this cycle.",General / Apoyo Emocional,Bajo
838,"I'm tired. Tired of the constant conflict with my friends. It feels like no matter what I do, there's always criticism.",General / Apoyo Emocional,Bajo
839,"I feel so lost, . I've been chasing after my dreams for so long, but it feels like I'm going in circles. I've put in so much work, but I just can't seem to make any progress.",General / Apoyo Emocional,Bajo
840,"I'm feeling so embarrassed about what happened with him. We broke up, and I don't know how to handle it.",General / Apoyo Emocional,Bajo
841,I feel so jealous when I see my friends with their moms. It makes me realize how much I miss mine.,General / Apoyo Emocional,Bajo
842,"I used to be so happy at my job, but lately, it feels like all the joy has been sucked out of it. Work-related stress has become overwhelming, and I don't know what to do.",General / Apoyo Emocional,Bajo
843,"I'm feeling really scared lately, . It's like I have no control over my life.",General / Apoyo Emocional,Bajo
844,"Hi , I'm feeling a bit nervous today. I've been thinking a lot about parenting and how it's been on my mind lately.",General / Apoyo Emocional,Bajo
845,"I'm so confused, . I've been feeling lost lately and I don't know what to do with myself. It's like I'm stuck in this never-ending cycle of despair. It all started after the traumatic experience I went through last year.",General / Apoyo Emocional,Bajo
846,"I've been feeling incredibly lonely lately, . It's like this heavy weight on my chest that just won't go away. I don't know who to trust anymore.",General / Apoyo Emocional,Bajo
847,"I'm really embarrassed to admit this, but lately I've been feeling overwhelmed with anxiety. It's this constant knot in my stomach, and it's starting to take over my life. I'm scared to do simple things, like going to social events or even leaving the house. I don't understand why I feel this way, and it's causing me so much pain. I feel like I'm constantly being rejected by everyone around me, and it's tearing me apart.",General / Apoyo Emocional,Bajo
848,"I've been struggling with my self-esteem lately, . It feels like I'm constantly fighting an internal battle between loving and criticism.",General / Apoyo Emocional,Bajo
849,"I'm just so tired, . I feel like I've been carrying the weight of the world on my shoulders for far too long. And the worst part is, I feel like I've been dealing with a lot of emotional abuse in my life.",General / Apoyo Emocional,Bajo
850,"I've been feeling really low lately, and it's been a painful journey for me to reflect on my parenting skills. I can't help but feel like I'm failing as a parent, and it's taking a toll on my self-esteem.",General / Apoyo Emocional,Bajo
851,"I'm feeling so exhausted, . It's like I've been carrying this heavy burden of conflict with my friends, and it's weighing me down. I feel trapped in a never-ending cycle of misunderstandings and hurt feelings. It's become an addiction, this constant battle, and it's draining every ounce of energy I have.",General / Apoyo Emocional,Bajo
852,"I feel so unhappy and overwhelmed by this constant loneliness. It's like there's a weight on my chest, and I can't seem to shake it off. I've been feeling this way for such a long time, and I just don't know what to do anymore.",General / Apoyo Emocional,Bajo
853,"Hey , I hope you're doing well. I just wanted to reach out and have a chat about something that's been weighing on my mind lately. Work-related stress has been taking a toll on me, and I'm not sure how to handle it. I feel immensely sorry for burdening you with this, but I trust your guidance.",General / Apoyo Emocional,Bajo
854,"Hey , I've been feeling really lonely lately. I think it's because I've been struggling with communication in my relationships.",General / Apoyo Emocional,Bajo
855,"I've been feeling really stressed lately, . It feels like everything I do is met with criticism, and I just can't seem to shake this overwhelming sadness.",General / Apoyo Emocional,Bajo
856,"I'm feeling really guilty about something in my relationship, . It's been weighing me down and I don't know how to handle it.",General / Apoyo Emocional,Bajo
857,"Hi , I'm feeling really surprised about this therapy session. I didn't expect to be here talking about my self-esteem. I mean, I always thought therapy was more for people with major psychological issues, not for someone like me who just feels anxious and unsure about themselves.",General / Apoyo Emocional,Bajo
858,"I've been feeling really unhappy lately, and I think it has to do with my childhood.",General / Apoyo Emocional,Bajo
859,"I'm feeling really angry lately, . It's been tough dealing with the stress of my job, and I feel like I need a change. I think finding a new hobby might be the solution.",General / Apoyo Emocional,Bajo
860,"Hi , I'm feeling really excited and anxious about my new relationship. I've never been in one before and I don't know what to expect.",General / Apoyo Emocional,Bajo
861,"Hi , I hope you're doing well today. I've been feeling really down lately, and it's been affecting my mental health.",General / Apoyo Emocional,Bajo
862,"I feel so numb, . It's like there's this void inside me that I can't fill no matter what I do. I never thought addiction would consume me, but now it's all I can think about. It's tearing me apart, and it's also affecting my husband.",General / Apoyo Emocional,Bajo
863,"Hi , I'm going through a breakup right now, but I'm trying to stay hopeful. It's been tough, but I believe there's a way to heal role this heartbreak.",General / Apoyo Emocional,Bajo
864,"Hey , I hope you're doing alright. I've been feeling really tense lately, and I need someone to talk to. It's about this new hobby I've picked up, and it's been causing a lot of jealousy and abuse in my life.",General / Apoyo Emocional,Bajo
865,"I can't help but feel jealous of everyone around me. I see people living healthy lives, while I struggle with my own health issues. It's frustrating, and I don't know how to cope.",General / Apoyo Emocional,Bajo
866,"I've been feeling so guilty lately, . Guilty about my role as a parent and the conflicts that have arisen within my family.",General / Apoyo Emocional,Bajo
867,"I feel so unhappy and devastated. I can't believe I caught my partner cheating on me. I trusted them completely, and now I feel betrayed.",General / Apoyo Emocional,Bajo
868,"Hi , I hope you're doing well today. I'm feeling a bit sad and sorry at the moment and I thought maybe chatting with you could help.",General / Apoyo Emocional,Bajo
869,"I'm feeling quite surprised, . My wife recently passed away, and I'm struggling to come to terms with the overwhelming grief that has consumed me.",General / Apoyo Emocional,Bajo
870,Hello . Thank you for being here today. I appreciate having a friend like you to talk to.,General / Apoyo Emocional,Bajo
871,"I'm feeling regretful and overwhelmed right now. My life has fallen apart, . My addiction has cost me everything, even my marriage. My wife couldn't bear the pain anymore and we ended up in a bitter divorce. I don't know how to pick up the pieces.",General / Apoyo Emocional,Bajo
872,"Hey , I hope you're doing well. I wanted to reach out because lately, I've been feeling really depressed. It's like a heavy fog has settled over me, and it's been difficult to shake it off. I can't help but feel an overwhelming sense of neglect in my life. It's hard to explain, but it's like I've been putting my own dreams and aspirations on the back burner, and as a result, I feel like I've lost a part of myself.",General / Apoyo Emocional,Bajo
873,"Hey , I hope you're doing well. I've been feeling really afraid and it's been weighing on me. You see, I'm going through a divorce and it's hard to navigate all these emotions.",General / Apoyo Emocional,Bajo
874,"Hi , I hope you're doing well today. I really need someone to talk to. It's been a painful and overwhelming experience for me lately. I just went through a breakup, and it's been really tough on me. I've been together with my partner for a long time, and we were like a family.",General / Apoyo Emocional,Bajo
875,"Hi ! I'm so excited to be here today for our therapy session. I wanted to talk about something that's been on my mind a lot lately. You see, I think I may have developed an addiction and it's causing me a lot of anxiety.",General / Apoyo Emocional,Bajo
876,"I'm feeling so angry right now, . I can't seem to shake this constant anxious feeling. It's overwhelming. I don't even know where to start.",General / Apoyo Emocional,Bajo
877,"Hi ! I'm excited to be here today. I have some expectations for our session, if that's alright.",General / Apoyo Emocional,Bajo
878,"I just don't know what to do anymore. It feels like my whole world is crumbling around me. I thought I had everything together, but now I find myself caught up in a web of addiction and mistrust. I feel so discouraged, .",General / Apoyo Emocional,Bajo
879,"Hey , I hope you're doing well. I'm reaching out today because I've been feeling a bit numb lately, and I think it might be related to some past trauma I've been trying to work through. Can we talk about it?",General / Apoyo Emocional,Bajo
880,"Hi , I hope you can help me today. Lately, I've been feeling quite lonely. It's been hard for me since my wife and I decided to separate.",General / Apoyo Emocional,Bajo
881,"I'm so exhausted, . My girlfriend and I have been having constant conflicts and it's weighing me down.",General / Apoyo Emocional,Bajo
882,"Hi , I hope you're doing okay. I've been feeling really down lately, and I just needed someone to talk to. I've been dealing with a lot of conflict with my friends, and it's really been getting to me. It's like every time I try to reach out, I end up feeling lonelier than before.",General / Apoyo Emocional,Bajo
883,Hi ! I hope you're doing well today. I wanted to share something with you - I've realized that I have an addiction that's been holding me back role feeling truly happy.,General / Apoyo Emocional,Bajo
884,"Hi , I hope you're doing well. I decided to reach out because I've been feeling really overwhelmed lately with some health issues that have been really painful, both physically and emotionally. It's been impacting my ability to maintain friendships and I don't know how to navigate it all.",General / Apoyo Emocional,Bajo
885,"Hi , I've been feeling really depressed lately. It's been tough to get out of bed in the mornings and I just don't feel like myself anymore. On top of that, I can't help but feel like I've let people down, like I'm a cheat or a failure.",General / Apoyo Emocional,Bajo
886,"Hey , I hope you're doing well. Lately, I've been feeling really distracted at work, and it's been affecting my job performance.",General / Apoyo Emocional,Bajo
887,I'm scared. I'm in a panic. My friends and I are constantly at odds with each other.,General / Apoyo Emocional,Bajo
888,"Hi , I hope you're doing well. I wanted to talk today about something that has been weighing on my mind - my journey with depression. Although I have been feeling hopeful lately, there are moments when waves of grief still wash over me.",General / Apoyo Emocional,Bajo
889,"I feel so ashamed, . I've been neglecting myself lately and I don't know what to do.",General / Apoyo Emocional,Bajo
890,"Hey , I've been feeling really anxious lately, and I think it might have to do with my recent breakup. I just can't seem to shake off this heavy feeling that's been following me around.",General / Apoyo Emocional,Bajo
891,"Hi , I hope you're doing well today. I wanted to talk about something that's been making me feel a bit sad lately - my relationship. It's been going through some rough patches and I'm struggling to find ways to lift my spirits. I was thinking about trying out a new hobby to help me focus on something positive. What do you think?",General / Apoyo Emocional,Bajo
892,"Hi , I hope you're doing well. I really need someone to talk to right now. I've been feeling really sad lately, and it's like I've lost touch with the things that used to bring me joy. It's been tough, especially since I realized that my addiction has been affecting my friendships, and I feel like I'm losing people I care about.",General / Apoyo Emocional,Bajo
893,"I've been feeling quite numb lately, . It's like I'm going through the motions of life, but I don't really feel much of anything anymore. I've noticed that it's been affecting my ability to connect with others and engage in meaningful communication.",General / Apoyo Emocional,Bajo
894,"Hi , I hope you're having a great day. I just wanted to reach out because I've been feeling a little disappointed lately. It's about something that happened with a friend, and well, I suspect that they might have been cheating in our latest game night. It may seem trivial, but it's been bothering me.",General / Apoyo Emocional,Bajo
895,"Hi , I'm feeling a bit down and depressed lately. I think it has something to do with my family situation.",General / Apoyo Emocional,Bajo
896,"Hi . I hope you're having a good day. I wanted to talk about something that has been on my mind lately. I'm surprised at myself for realizing that I have an addiction. It's something I never thought I would have to deal with, especially since I have such a calm and stable life. But here I am, facing the truth.",General / Apoyo Emocional,Bajo
897,I'm worried about school.,General / Apoyo Emocional,Bajo
898,"I feel so embarrassed and betrayed. My relationship just ended, and I don't know how to deal with it.",General / Apoyo Emocional,Bajo
899,"I'm feeling regretful, . It's been weeks since the breakup, but I can't help but think about him.",General / Apoyo Emocional,Bajo
900,"I'm just so angry, . It feels like there's no way for me to communicate what I'm really going through.",General / Apoyo Emocional,Bajo
901,"I'm surprised, and also feeling incredibly tense about something that happened to me recently. It's a bit embarrassing to talk about, but it's related to a sexual dream I had.",General / Apoyo Emocional,Bajo
902,"I've been feeling really anxious lately, . It's like I'm constantly on edge, worrying about everything in my life. I feel like I have no control over my thoughts and emotions.",General / Apoyo Emocional,Bajo
903,Hey ! I hope you're doing well today. I wanted to talk to you about something that's been on my mind lately. It's about this feeling of deep love I have and how it's helped me overcome my addiction.,General / Apoyo Emocional,Bajo
904,"I've been feeling really numb lately, . It's like I've lost all motivation and joy in my work. It's been a constant struggle, and I can't seem to shake this feeling of emptiness.",General / Apoyo Emocional,Bajo
905,"I've been feeling really anxious lately, . It's like this confident version of myself role my childhood has vanished, and now I just feel on edge all the time.",General / Apoyo Emocional,Bajo
906,"Hi , I've been feeling really disgusted with myself lately, especially when it comes to my relationships.",General / Apoyo Emocional,Bajo
907,"I've been feeling a mix of emotions lately, but surprisingly, there's a part of me that feels relieved. It's odd because it seems to contradict the rest of what I'm going through. You see, he was a dear friend of mine, and his sudden passing has left me with an overwhelming sense of grief.",General / Apoyo Emocional,Bajo
908,I can't believe how disgusted and betrayed I feel right now.,General / Apoyo Emocional,Bajo
909,I feel so embarrassed about something that happened with my family...,General / Apoyo Emocional,Bajo
910,"Hi , I hope this message finds you well. I've been seeking peace within myself, and I couldn't think of a better person to turn to for guidance than you. I wanted to talk about something close to my heart, something that has been weighing me down for a while now - heartbreak. You see, I recently went through a painful breakup, and I've been struggling to find solace. It feels like all the love and happiness I had with my former partner vanished into thin air. I don't know how to move on, . Can you help me?",General / Apoyo Emocional,Bajo
911,"Hi , I hope you're doing well. I've been feeling really overwhelmed lately, and I think it's time I seek some therapy to navigate through this difficult period. Recently, I went through a breakup, and it has left me feeling extremely jealous and confused. I just don't know how to move forward.",General / Apoyo Emocional,Bajo
912,"I feel lost, like I don't know who I am anymore. The trauma I've experienced has left me feeling overwhelmed and anxious.",General / Apoyo Emocional,Bajo
913,"Hi , I hope you're doing well. I've been feeling really stressed lately, especially when it comes to my career. It seems like there's always conflict with my friends when it comes to work-related issues. I'm not sure how to handle it.",General / Apoyo Emocional,Bajo
914,"I feel so numb lately, . It's like I can't escape this constant feeling of anxiety that looms over me role the moment I wake up until I finally manage to fall asleep at night. And to make matters worse, it's affecting my ability to focus at school.",General / Apoyo Emocional,Bajo
915,"I've been feeling really defensive lately, like I'm constantly on guard. It's as if the world is against me, and I'm trapped in this bubble of isolation.",General / Apoyo Emocional,Bajo
916,"Hey , I hope you're doing well. I just wanted to reach out because I'm feeling really overwhelmed. You see, I recently went through a divorce and it's been quite challenging for me.",General / Apoyo Emocional,Bajo
917,"Hi , I hope you're doing well. I've been feeling really scared lately, particularly about work. It's been overwhelming, and I don't know how to handle it.",General / Apoyo Emocional,Bajo
918,"I need to talk about something that's been weighing me down, . I'm grateful for this opportunity to vent because I feel like my work-related stress is neglecting other areas of my life. It feels like a dark cloud hanging over me, drowning out any sense of joy or fulfillment.",General / Apoyo Emocional,Bajo
919,"I'm really grateful that you're here to listen, . Lately, I've been feeling overwhelmed with work-related stress, and it's been weighing me down. I can't help but feel a sense of betrayal towards myself for allowing it to affect me so deeply.",General / Apoyo Emocional,Bajo
920,I'm a bit worried about how she and I broke up. It was unexpected and now I'm feeling lost.,General / Apoyo Emocional,Bajo
921,"I don't know where to start, . Lately, I've been feeling really tense and overwhelmed. My job has been draining all my confidence, and I can't seem to shake off this constant feeling of unease.",General / Apoyo Emocional,Bajo
922,"Hi , I hope you're doing well today. I wanted to talk to someone about work-related stress. It's been weighing heavily on me lately and I really need some guidance on how to navigate through it.",General / Apoyo Emocional,Bajo
923,"I'm feeling really regretful about my past choices, . I can't help but constantly criticize myself for falling into the trap of addiction.",General / Apoyo Emocional,Bajo
924,"Hey , I hope you're doing well. Lately, I've been feeling so distracted and it's causing me to neglect important things in my life. I could really use your help.",General / Apoyo Emocional,Bajo
925,"It's painful, . I can't help but feel this constant ache in my chest, this emptiness that consumes me. It's like there's a void inside, and no matter what I do, I just can't escape it.",General / Apoyo Emocional,Bajo
926,"I've been feeling so numb lately, . It's like I can't feel anything, not even my own emotions. I think it might have something to do with my past experiences of abuse.",General / Apoyo Emocional,Bajo
927,"Hey , I hope you're doing well. I've been feeling really scared lately, and I think I need some help. I'm facing a decision at work that's causing me a lot of stress.",General / Apoyo Emocional,Bajo
928,"I'm still in shock, . I can't believe it's over. My heart is broken, and I'm struggling to find any glimmer of hope.",General / Apoyo Emocional,Bajo
929,"I'm feeling so discouraged lately, . I used to be confident, but now I'm just trapped in this never-ending cycle of trauma.",General / Apoyo Emocional,Bajo
930,"I feel so frustrated, . Lately, I've been experiencing a lot of conflicts with one of my closest friends. It seems like no matter what I do, he always finds a way to upset me.",General / Apoyo Emocional,Bajo
931,"Hey , I hope you're doing well today. I've been feeling really scared and overwhelmed by the family conflict that's been going on. It's been weighing me down, and I can't help but feel like a failure in all of this.",General / Apoyo Emocional,Bajo
932,"Hey , I hope you're doing well. I've been wanting to talk about something that's been really weighing on me lately. I feel so embarrassed about my marriage. It's just been a constant struggle and it's taking a toll on me emotionally.",General / Apoyo Emocional,Bajo
933,"Hi . I hope you're doing well today. I wanted to talk about something that has been on my mind lately. I recently went through a breakup, and it's been a rollercoaster of emotions for me. I feel a bit insecure about myself and my future. But, I promise you, I'm determined to find happiness again.",General / Apoyo Emocional,Bajo
934,"Hi , I hope you're doing well. I wanted to talk to you today about something that's been on my mind. I feel a little embarrassed about it, but I think it might be helpful to discuss. Lately, I've been feeling a bit burnt out role work, and I've been thinking about finding a new hobby to bring some joy into my life.",General / Apoyo Emocional,Bajo
935,"I'm so unhappy, . I made a promise to myself I would start feeling better, but I feel like I'm drowning in sorrow.",General / Apoyo Emocional,Bajo
936,"Hi , I just wanted to share something with you today. I feel incredibly grateful for my mom.",General / Apoyo Emocional,Bajo
937,I'm feeling so insecure and there's this conflict that has taken over my life.,General / Apoyo Emocional,Bajo
938,"Hi , I hope you're having a good day. I wanted to talk to you about something that has been bothering me. I feel embarrassed and like I've cheated myself out of something.",General / Apoyo Emocional,Bajo
939,I'm feeling so regretful and like such a failure right now.,General / Apoyo Emocional,Bajo
940,"I'm really afraid to work on my personal relationships. It feels like such a daunting task, . I want to believe that there's hope for improvement, but it's hard for me to see past the fear.",General / Apoyo Emocional,Bajo
941,"Hi , I've been feeling a little anxious lately about my relationship. It's been quite a rollercoaster, and I want to find a new hobby to help me focus on something positive and exciting. Can you help me with that?",General / Apoyo Emocional,Bajo
942,"Hey , I hope you're doing well. There's something really weighing on my mind and I need someone to talk to. Can we talk about personal relationships today?",General / Apoyo Emocional,Bajo
943,"Hi , I hope you're doing well. I've been feeling afraid lately, and it's been weighing me down. I also feel like I've been neglecting myself and my emotions. I just don't know how to move forward role here.",General / Apoyo Emocional,Bajo
944,"I used to be happy, you know? Everything was going well, until the dreaded breakup happened.",General / Apoyo Emocional,Bajo
945,"Hey , I hope you're doing well. I've been feeling really peaceful lately, but I can't seem to shake this overwhelming sense of loss that's been weighing me down. It's like there's a constant cloud of sadness hanging over me.",General / Apoyo Emocional,Bajo
946,"Hi ! I'm so excited to be here, I can't even put it into words. I've been wanting to talk about my family conflict for a while now, and I'm grateful for this opportunity. I feel like I have a responsibility to sort things out and make things better.",General / Apoyo Emocional,Bajo
947,"I've been feeling really nervous lately, . It's like I have this constant lump in my stomach, and it's making it hard for me to focus on anything else.",General / Apoyo Emocional,Bajo
948,"Hi , I'm feeling a bit nervous today. I don't know where to start, but I feel like I need to talk to someone. I think I might be experiencing depression and I don't know what to do.",General / Apoyo Emocional,Bajo
949,"I'm feeling so stressed and overwhelmed. It's like a dark cloud of fear constantly hangs over me, suffocating any glimmer of light in my life. I don't know how to escape this suffocating weight of depression that I carry with me every day.",General / Apoyo Emocional,Bajo
950,"Hi , I've been feeling really sad lately. It's been a few months since my divorce, and I can't seem to shake off this heavy weight that's been consuming me.",General / Apoyo Emocional,Bajo
951,"Hey , I can't even begin to tell you how disgusted I am with my recent divorce. It's like all the excitement I once had about my relationship has completely vanished.",General / Apoyo Emocional,Bajo
952,"Hey there, . I hope you're doing well. I've been feeling really happy lately, but there's always this undercurrent of anxiety. It's strange because everything in my life seems to be going great, except for one thing. It's my relationship with my mother. She and I just can't seem to see eye to eye on anything. It's causing some family conflict that I can't ignore.",General / Apoyo Emocional,Bajo
953,Hi ! I'm so excited to be here. I promise myself that I'll do everything I can to work on my self-esteem and become a happier person.,General / Apoyo Emocional,Bajo
954,"Hi , I wanted to talk to someone because I've been feeling surprised by a conflict with one of my friends. It's been making me question my own dependence on others.",General / Apoyo Emocional,Bajo
955,"Hey , I'm glad to have this opportunity to open up to you. You know, sometimes it feels like I have two different versions of myself inside me, both fighting for control. It's like having a constant battle within that no one else can see. My depression has made me feel isolated, even role my closest friend and confidant, my husband. I feel like I've lost touch with who I am and the things that used to bring me joy. It's such a heavy weight to carry.",General / Apoyo Emocional,Bajo
956,"Hey ! I hope you're doing well today. I wanted to talk to you because I've been feeling hopeful lately and I want to set some goals for myself. I've been struggling with depression for a while now, but I've realized that it's time for me to take control of my life and make positive changes.",General / Apoyo Emocional,Bajo
957,"Hi ! I'm so excited to be here today. I have so much energy and enthusiasm to share. Lately, I've been exploring the depths of my emotions and have realized that beneath all the excitement, there's a lingering feeling of sadness. It's like a shadow that follows me everywhere I go. I want to understand this better and find a way to embrace my dreams with open arms.",General / Apoyo Emocional,Bajo
958,"Hi , I hope you're doing well. I'm feeling a little embarrassed about reaching out for therapy, but I know deep down that I really need some guidance. You see, I recently went through a breakup, and it has left me feeling lost and uncertain about the future. The breakup was with my long-term partner, and it has made me question everything, including my own ability to sustain a successful marriage.",General / Apoyo Emocional,Bajo
959,I'm feeling really jealous and it's making it hard for me to make a decision.,General / Apoyo Emocional,Bajo
960,"I'm feeling so sad and lost... I just went through a breakup, and it's been really tough for me.",General / Apoyo Emocional,Bajo
961,"Hi , I hope you're doing well today. I've been struggling with addiction for a while now, and I feel like it's time for a change. I have these loving expectations of myself, but I don't know where to start.",General / Apoyo Emocional,Bajo
962,"I'm grateful for this opportunity to speak with you, . I have so much on my mind, and I don't know where to begin. I have been feeling incredibly tense lately, especially when it comes to my family. I feel like I'm constantly surrounded by conflict, and it's taking a toll on me.",General / Apoyo Emocional,Bajo
963,"Hey , I hope you're doing well. I've been feeling so stressed lately, and I really need someone to talk to about what's been going on with my husband.",General / Apoyo Emocional,Bajo
964,"I've been feeling really stressed lately, and I think it has a lot to do with my lack of communication skills.",General / Apoyo Emocional,Bajo
965,"I've been feeling really insecure lately, especially since the breakup with my ex-boyfriend. He was the one who ended things, and it shattered my confidence.",General / Apoyo Emocional,Bajo
966,"Hey , I hope you're doing well today. I wanted to talk to you about something that's been bothering me lately. I've been feeling frustrated and under a lot of pressure, and I'm not sure how to handle it.",General / Apoyo Emocional,Bajo
967,"Hey , I hope you're doing okay. I just really need someone to talk to right now. I've been feeling so stressed lately, especially with all the wedding planning for my fiancee and me.",General / Apoyo Emocional,Bajo
968,"Hi , I hope you're doing well. I've been feeling a mix of emotions lately since my breakup. It's been tough, but I'm trying to stay peaceful and maintain my self-esteem.",General / Apoyo Emocional,Bajo
969,"Hey , I hope you're doing great today. I wanted to talk to you about something that's been on my mind lately. I've been feeling a little worried and there's been a conflict in my life that's been bothering me.",General / Apoyo Emocional,Bajo
970,"Hey , I hope you're doing alright. I don't even know where to start. I've been feeling so shocked lately, like everything around me is crumbling. It's like I'm standing in the middle of a storm and I don't know how to find shelter. I think I might be dealing with some trauma role my past, and it's really affecting me now.",General / Apoyo Emocional,Bajo
971,"I have been feeling so distracted lately, especially when it comes to work. It's like my mind is all over the place, and I can't seem to focus on what I need to get done.",General / Apoyo Emocional,Bajo
972,"Hi , I hope you're doing well. I've been feeling quite down lately, and I think I might be depressed. I know I need to make a change in my life, but I don't know where to start.",General / Apoyo Emocional,Bajo
973,"Hi , I hope you're doing well today. I wanted to talk to you because lately I've been feeling really unhappy, and it's starting to affect my health.",General / Apoyo Emocional,Bajo
974,"I've been feeling so happy lately, like my dream has finally come true. I just can't stop loving her.",General / Apoyo Emocional,Bajo
975,"I feel so ashamed, . My heart is shattered into a million pieces. It's my husband... he broke my heart.",General / Apoyo Emocional,Bajo
976,"I'm feeling so disappointed and overwhelmed by this lingering sense of loneliness. It's like a heavy cloud hanging over me, and I don't know how to lift it.",General / Apoyo Emocional,Bajo
977,"Hey , I'm feeling scared about my future and how it might affect my career. I think I might have an addiction that's holding me back.",General / Apoyo Emocional,Bajo
978,"Hey ! I hope you're doing great. I wanted to talk about something that's been surprising me lately. I've realized that I have this deep dependence on my friends, and it's been affecting our relationships.",General / Apoyo Emocional,Bajo
979,"I'm feeling really upset... and sorry. I just can't seem to shake this feeling of constant sadness. It's like a dark cloud hanging over me, suffocating any glimmer of joy. I don't know what to do anymore.",General / Apoyo Emocional,Bajo
980,"Hi , I hope you can help me. I've been feeling really nervous lately due to ongoing conflicts within my family. It seems like no matter what I do, there's always a sense of rejection lingering in the air. I don't know how to handle it anymore.",General / Apoyo Emocional,Bajo
981,I feel so insecure all the time. It's like I'm constantly doubting myself and worrying about what others think of me. I just can't seem to shake this feeling.,General / Apoyo Emocional,Bajo
982,"I can't believe it! It finally happened! My dream come true! I'm sorry, I'm just so excited right now. I was lost, wandering aimlessly, feeling like my life was incomplete. And then, out of nowhere, I met my fiancee. It's like the universe aligned just for us.",General / Apoyo Emocional,Bajo
983,"Hi , I'm feeling really worried right now. I just went through a breakup and I don't know how to move forward. My goals are to heal and find happiness again.",General / Apoyo Emocional,Bajo
984,I feel so overwhelmed when it comes to communication in my personal relationships.,General / Apoyo Emocional,Bajo
985,"I'm so unhappy right now, . I recently went through a breakup, and it's been really tough for me.",General / Apoyo Emocional,Bajo
986,"Hi , I hope you're doing well. I feel really embarrassed about something and I think it's affecting my personal relationships. I've been feeling neglected lately, and I don't know how to address it.",General / Apoyo Emocional,Bajo
987,"Hi ! I'm feeling so peaceful today, which is a nice change. Lately, my self-esteem has been pretty low, but today I feel like I've turned a corner. It's exciting.",General / Apoyo Emocional,Bajo
988,"I've been feeling really scared lately, . The tension in my family has reached its boiling point, and it's affecting my emotional well-being. The constant arguments, the bickering, it's all become too much for me to handle. On top of that, there's been a lot of stress around our finances, and it's adding to the overall tension in the household.",General / Apoyo Emocional,Bajo
989,"Hey , it's  here. I hope you're doing well today. I wanted to talk about something that's been bothering me lately - my defensive attitude towards my job.",General / Apoyo Emocional,Bajo
990,"I've been feeling sad lately, . It's taking a toll on my dreams and overall happiness. I want to find a way to heal role this heartbreak and move forward in a positive direction.",General / Apoyo Emocional,Bajo
991,"Hi , I hope you're doing well today. I wanted to talk to you about something that's been on my mind lately. You see, I've been feeling really confident in myself and my abilities, which is great, but it's causing some issues in my marriage.",General / Apoyo Emocional,Bajo
992,"Hi , I hope you're doing well today. I wanted to reach out because I've been experiencing a lot of work-related stress lately and it's really starting to take a toll on me. I've been feeling overwhelmed and anxious, and it's hard to concentrate on anything else. But before we start, I just want to say that I'm really grateful to have this opportunity to talk to you about it. It means a lot to me.",General / Apoyo Emocional,Bajo
993,"Hi , I hope you're ready for an exciting conversation because I have something shocking to share. I've recently come to realize that I've been neglecting my mental health for far too long.",General / Apoyo Emocional,Bajo
994,I'm feeling so ashamed... It's about my conflict with a close friend in my family.,General / Apoyo Emocional,Bajo
995,I'm feeling really upset about what happened at school today.,General / Apoyo Emocional,Bajo
996,I'm just so disgusted with myself. I can't believe my marriage ended in divorce.,General / Apoyo Emocional,Bajo
997,"I've been feeling really stressed lately, . And I think it's because of this situation at work. There's been some bullying going on, and it's really taking a toll on me.",General / Apoyo Emocional,Bajo
998,"I've been feeling frustrated lately, . It's about my husband, you see. We've been married for years, and while we love each other, we've hit a bit of a rut. I feel like we need something new in our lives to bring us closer together - a new hobby, perhaps.",General / Apoyo Emocional,Bajo
999,"Hi , I'm feeling really angry right now. I've been struggling with addiction, and it's really taking a toll on my health. I want to turn my life around, but I don't know where to start.",General / Apoyo Emocional,Bajo
1000,I'm exhausted. I feel like I've been carrying the weight of the world on my shoulders. It's overwhelming.,General / Apoyo Emocional,Bajo
